Rock,For Those About To Rock (We Salute You)
Rock,Balls to the Wall
Rock,Fast As a Shark
Rock,Restless and Wild
Rock,Princess of the Dawn
Rock,Put The Finger On You
Rock,Let's Get It Up
Rock,Inject The Venom
Rock,Snowballed
Rock,Evil Walks
Rock,C.O.D.
Rock,Breaking The Rules
Rock,Night Of The Long Knives
Rock,Spellbound
Rock,Go Down
Rock,Dog Eat Dog
Rock,Let There Be Rock
Rock,Bad Boy Boogie
Rock,Problem Child
Rock,Overdose
Rock,Hell Ain't A Bad Place To Be
Rock,Whole Lotta Rosie
Rock,Walk On Water
Rock,Love In An Elevator
Rock,Rag Doll
Rock,What It Takes
Rock,Dude (Looks Like A Lady)
Rock,Janie's Got A Gun
Rock,Cryin'
Rock,Amazing
Rock,Blind Man
Rock,Deuces Are Wild
Rock,The Other Side
Rock,Crazy
Rock,Eat The Rich
Rock,Angel
Rock,Livin' On The Edge
Rock,All I Really Want
Rock,You Oughta Know
Rock,Perfect
Rock,Hand In My Pocket
Rock,Right Through You
Rock,Forgiven
Rock,You Learn
Rock,Head Over Feet
Rock,Mary Jane
Rock,Ironic
Rock,Not The Doctor
Rock,Wake Up
Rock,You Oughta Know (Alternate)
Rock,We Die Young
Rock,Man In The Box
Rock,Sea Of Sorrow
Rock,Bleed The Freak
Rock,I Can't Remember
Rock,"Love, Hate, Love"
Rock,It Ain't Like That
Rock,Sunshine
Rock,Put You Down
Rock,Confusion
Rock,I Know Somethin (Bout You)
Rock,Real Thing
Rock,Cochise
Rock,Show Me How to Live
Rock,Gasoline
Rock,What You Are
Rock,Like a Stone
Rock,Set It Off
Rock,Shadow on the Sun
Rock,I am the Highway
Rock,Exploder
Rock,Hypnotize
Rock,Bring'em Back Alive
Rock,Light My Way
Rock,Getaway Car
Rock,The Last Remaining Light
Rock,You Shook Me
Rock,I Can't Quit You Baby
Rock,Communication Breakdown
Rock,Dazed and Confused
Rock,The Girl I Love She Got Long Black Wavy Hair
Rock,What is and Should Never Be
Rock,Communication Breakdown(2)
Rock,Travelling Riverside Blues
Rock,Whole Lotta Love
Rock,Somethin' Else
Rock,Communication Breakdown(3)
Rock,I Can't Quit You Baby(2)
Rock,You Shook Me(2)
Rock,How Many More Times
Rock,Debra Kadabra
Rock,Carolina Hard-Core Ecstasy
Rock,Sam With The Showing Scalp Flat Top
Rock,Poofter's Froth Wyoming Plans Ahead
Rock,200 Years Old
Rock,Cucamonga
Rock,Advance Romance
Rock,Man With The Woman Head
Rock,Muffin Man
Rock,A Kind Of Magic
Rock,Under Pressure
Rock,Radio GA GA
Rock,I Want It All
Rock,I Want To Break Free
Rock,Innuendo
Rock,It's A Hard Life
Rock,Breakthru
Rock,Who Wants To Live Forever
Rock,Headlong
Rock,The Miracle
Rock,I'm Going Slightly Mad
Rock,The Invisible Man
Rock,Hammer To Fall
Rock,Friends Will Be Friends
Rock,The Show Must Go On
Rock,One Vision
Rock,Detroit Rock City
Rock,Black Diamond
Rock,Hard Luck Woman
Rock,Sure Know Something
Rock,Love Gun
Rock,Deuce
Rock,Goin' Blind
Rock,Shock Me
Rock,Do You Love Me
Rock,She
Rock,I Was Made For Loving You
Rock,Shout It Out Loud
Rock,God Of Thunder
Rock,Calling Dr. Love
Rock,Beth
Rock,Strutter
Rock,Rock And Roll All Nite
Rock,Cold Gin
Rock,Plaster Caster
Rock,God Gave Rock 'n' Roll To You
Rock,Into The Light
Rock,River Song
Rock,She Give Me ...
Rock,Don't You Cry
Rock,Love Is Blind
Rock,Slave
Rock,Cry For Love
Rock,Living On Love
Rock,Midnight Blue
Rock,Too Many Tears
Rock,Don't Lie To Me
Rock,Wherever You May Go
Rock,Burn
Rock,Stormbringer
Rock,Gypsy
Rock,Lady Double Dealer
Rock,Mistreated
Rock,Smoke On The Water
Rock,You Fool No One
Rock,Custard Pie
Rock,The Rover
Rock,In My Time Of Dying
Rock,Houses Of The Holy
Rock,Trampled Under Foot
Rock,Kashmir
Rock,(Da Le) Yaleo
Rock,Love Of My Life
Rock,Put Your Lights On
Rock,Africa Bamba
Rock,Smooth
Rock,Do You Like The Way
Rock,Maria Maria
Rock,Migra
Rock,Corazon Espinado
Rock,Wishing It Was
Rock,El Farol
Rock,Primavera
Rock,The Calling
Rock,Space Truckin'
Rock,Going Down / Highway Star
Rock,Mistreated (Alternate Version)
Rock,You Fool No One (Alternate Version)
Rock,Susie Q
Rock,I Put A Spell On You
Rock,Proud Mary
Rock,Bad Moon Rising
Rock,Lodi
Rock,Green River
Rock,Commotion
Rock,Down On The Corner
Rock,Fortunate Son
Rock,Travelin' Band
Rock,Who'll Stop The Rain
Rock,Up Around The Bend
Rock,Run Through The Jungle
Rock,Lookin' Out My Back Door
Rock,Long As I Can See The Light
Rock,I Heard It Through The Grapevine
Rock,Have You Ever Seen The Rain?
Rock,Hey Tonight
Rock,Sweet Hitch-Hiker
Rock,Someday Never Comes
Rock,Walking On The Water
Rock,"Suzie-Q, Pt. 2"
Rock,Born On The Bayou
Rock,Good Golly Miss Molly
Rock,Tombstone Shadow
Rock,Wrote A Song For Everyone
Rock,Night Time Is The Right Time
Rock,Cotton Fields
Rock,It Came Out Of The Sky
Rock,Don't Look Now
Rock,The Midnight Special
Rock,Before You Accuse Me
Rock,My Baby Left Me
Rock,Pagan Baby
Rock,(Wish I Could) Hideaway
Rock,It's Just A Thought
Rock,Molina
Rock,Born To Move
Rock,Lookin' For A Reason
Rock,Hello Mary Lou
Rock,Comin' Home
Rock,Lady Luck
Rock,Gettin' Tighter
Rock,Dealer
Rock,I Need Love
Rock,Drifter
Rock,Love Child
Rock,This Time Around / Owed to 'G' [Instrumental]
Rock,You Keep On Moving
Rock,Speed King
Rock,Bloodsucker
Rock,Child In Time
Rock,Flight Of The Rat
Rock,Into The Fire
Rock,Living Wreck
Rock,Hard Lovin' Man
Rock,Fireball
Rock,No No No
Rock,Strange Kind Of Woman
Rock,Anyone's Daughter
Rock,The Mule
Rock,Fools
Rock,No One Came
Rock,Knocking At Your Back Door
Rock,Bad Attitude
Rock,Child In Time (Son Of Aleric - Instrumental)
Rock,Nobody's Home
Rock,Black Night
Rock,Perfect Strangers
Rock,The Unwritten Law
Rock,Call Of The Wild
Rock,Hush
Rock,Smoke On The Water
Rock,Space Trucking
Rock,Highway Star
Rock,Maybe I'm A Leo
Rock,Pictures Of Home
Rock,Never Before
Rock,Smoke On The Water
Rock,Lazy
Rock,Space Truckin'
Rock,Vavoom : Ted The Mechanic
Rock,Loosen My Strings
Rock,Soon Forgotten
Rock,Sometimes I Feel Like Screaming
Rock,Cascades : I'm Not Your Lover
Rock,The Aviator
Rock,Rosa's Cantina
Rock,A Castle Full Of Rascals
Rock,A Touch Away
Rock,Hey Cisco
Rock,Somebody Stole My Guitar
Rock,The Purpendicular Waltz
Rock,King Of Dreams
Rock,The Cut Runs Deep
Rock,Fire In The Basement
Rock,Truth Hurts
Rock,Breakfast In Bed
Rock,Love Conquers All
Rock,Fortuneteller
Rock,Too Much Is Not Enough
Rock,Wicked Ways
Rock,Stormbringer
Rock,Love Don't Mean a Thing
Rock,Holy Man
Rock,Hold On
Rock,Lady Double Dealer
Rock,You Can't Do it Right (With the One You Love)
Rock,High Ball Shooter
Rock,The Gypsy
Rock,Soldier Of Fortune
Rock,The Battle Rages On
Rock,Lick It Up
Rock,Anya
Rock,Talk About Love
Rock,Time To Kill
Rock,Ramshackle Man
Rock,A Twist In The Tail
Rock,Nasty Piece Of Work
Rock,Solitaire
Rock,One Man's Meat
Rock,Pour Some Sugar On Me
Rock,Photograph
Rock,Love Bites
Rock,Let's Get Rocked
Rock,Two Steps Behind [Acoustic Version]
Rock,Animal
Rock,Heaven Is
Rock,Rocket
Rock,When Love & Hate Collide
Rock,Action
Rock,Make Love Like A Man
Rock,Armageddon It
Rock,Have You Ever Needed Someone So Bad
Rock,Rock Of Ages
Rock,Hysteria
Rock,Bringin' On The Heartbreak
Rock,Get Out
Rock,Ricochet
Rock,Evidence
Rock,The Gentle Art Of Making Enemies
Rock,Star A.D.
Rock,Cuckoo For Caca
Rock,Caralho Voador
Rock,Ugly In The Morning
Rock,Digging The Grave
Rock,Take This Bottle
Rock,King For A Day
Rock,What A Day
Rock,The Last To Know
Rock,Just A Man
Rock,Absolute Zero
Rock,In Your Honor
Rock,No Way Back
Rock,Best Of You
Rock,DOA
Rock,Hell
Rock,The Last Song
Rock,Free Me
Rock,Resolve
Rock,The Deepest Blues Are Black
Rock,End Over End
Rock,Still
Rock,What If I Do?
Rock,Miracle
Rock,Another Round
Rock,Friend Of A Friend
Rock,Over And Out
Rock,On The Mend
Rock,Virginia Moon
Rock,Cold Day In The Sun
Rock,Razor
Rock,Doll
Rock,Monkey Wrench
Rock,"Hey, Johnny Park!"
Rock,My Poor Brain
Rock,Wind Up
Rock,Up In Arms
Rock,My Hero
Rock,See You
Rock,Enough Space
Rock,February Stars
Rock,Everlong
Rock,Walking After You
Rock,New Way Home
Rock,Welcome to the Jungle
Rock,It's So Easy
Rock,Nightrain
Rock,Out Ta Get Me
Rock,Mr. Brownstone
Rock,Paradise City
Rock,My Michelle
Rock,Think About You
Rock,Sweet Child O' Mine
Rock,You're Crazy
Rock,Anything Goes
Rock,Rocket Queen
Rock,Right Next Door to Hell
Rock,Dust N' Bones
Rock,Live and Let Die
Rock,Don't Cry (Original)
Rock,Perfect Crime
Rock,You Ain't the First
Rock,Bad Obsession
Rock,Back off Bitch
Rock,Double Talkin' Jive
Rock,November Rain
Rock,The Garden
Rock,Garden of Eden
Rock,Don't Damn Me
Rock,Bad Apples
Rock,Dead Horse
Rock,Coma
Rock,Different World
Rock,These Colours Don't Run
Rock,Brighter Than a Thousand Suns
Rock,The Pilgrim
Rock,The Longest Day
Rock,Out of the Shadows
Rock,The Reincarnation of Benjamin Breeg
Rock,For the Greater Good of God
Rock,Lord of Light
Rock,The Legacy
Rock,Hallowed Be Thy Name (Live) [Non Album Bonus Track]
Rock,The Wicker Man
Rock,Ghost Of The Navigator
Rock,Brave New World
Rock,Blood Brothers
Rock,The Mercenary
Rock,Dream Of Mirrors
Rock,The Fallen Angel
Rock,The Nomad
Rock,Out Of The Silent Planet
Rock,The Thin Line Between Love & Hate
Rock,Be Quick Or Be Dead
Rock,From Here To Eternity
Rock,Afraid To Shoot Strangers
Rock,Fear Is The Key
Rock,Childhood's End
Rock,Wasting Love
Rock,The Fugitive
Rock,Chains Of Misery
Rock,The Apparition
Rock,Judas Be My Guide
Rock,Weekend Warrior
Rock,Fear Of The Dark
Rock,Be Quick Or Be Dead
Rock,The Number Of The Beast
Rock,Wrathchild
Rock,From Here To Eternity
Rock,Can I Play With Madness
Rock,Wasting Love
Rock,Tailgunner
Rock,The Evil That Men Do
Rock,Afraid To Shoot Strangers
Rock,Fear Of The Dark
Rock,Bring Your Daughter... To The Slaughter...
Rock,The Clairvoyant
Rock,Heaven Can Wait
Rock,Run To The Hills
Rock,2 Minutes To Midnight
Rock,Iron Maiden
Rock,Hallowed Be Thy Name
Rock,The Trooper
Rock,Sanctuary
Rock,Running Free
Rock,Dream Of Mirrors
Rock,The Clansman
Rock,Fear Of The Dark
Rock,Iron Maiden
Rock,The Number Of The Beast
Rock,Hallowed Be Thy Name
Rock,Sanctuary
Rock,Run To The Hills
Rock,The Number Of The Beast
Rock,Sign Of The Cross
Rock,Lord Of The Flies
Rock,Man On The Edge
Rock,Fortunes Of War
Rock,Look For The Truth
Rock,The Aftermath
Rock,Judgement Of Heaven
Rock,Blood On The World's Hands
Rock,The Edge Of Darkness
Rock,2 A.M.
Rock,The Unbeliever
Rock,Futureal
Rock,The Angel And The Gambler
Rock,Lightning Strikes Twice
Rock,The Clansman
Rock,When Two Worlds Collide
Rock,The Educated Fool
Rock,Don't Look To The Eyes Of A Stranger
Rock,Como Estais Amigos
Rock,When You Gonna Learn (Digeridoo)
Rock,Too Young To Die
Rock,Hooked Up
Rock,"If I Like It, I Do It"
Rock,Music Of The Wind
Rock,Emergency On Planet Earth
Rock,"Whatever It Is, I Just Can't Stop"
Rock,Blow Your Mind
Rock,Revolution 1993
Rock,Didgin' Out
Rock,Foxy Lady
Rock,Manic Depression
Rock,Red House
Rock,Can You See Me
Rock,Love Or Confusion
Rock,I Don't Live Today
Rock,May This Be Love
Rock,Fire
Rock,Third Stone From The Sun
Rock,Remember
Rock,Are You Experienced?
Rock,Hey Joe
Rock,Stone Free
Rock,Purple Haze
Rock,51st Anniversary
Rock,The Wind Cries Mary
Rock,Highway Chile
Rock,Surfing with the Alien
Rock,Ice 9
Rock,Crushing Day
Rock,"Always With Me, Always With You"
Rock,Satch Boogie
Rock,Hill of the Skull
Rock,Circles
Rock,Lords of Karma
Rock,Midnight
Rock,Echo
Rock,Comin' Home
Rock,Plaster Caster
Rock,Goin' Blind
Rock,Do You Love Me
Rock,Domino
Rock,Sure Know Something
Rock,A World Without Heroes
Rock,Rock Bottom
Rock,See You Tonight
Rock,I Still Love You
Rock,Every Time I Look At You
Rock,"2,000 Man"
Rock,Beth
Rock,Nothin' To Lose
Rock,Rock And Roll All Nite
Rock,Immigrant Song
Rock,Heartbreaker
Rock,Since I've Been Loving You
Rock,Black Dog
Rock,Dazed And Confused
Rock,Stairway To Heaven
Rock,Going To California
Rock,That's The Way
Rock,Whole Lotta Love (Medley)
Rock,Thank You
Rock,We're Gonna Groove
Rock,Poor Tom
Rock,I Can't Quit You Baby
Rock,Walter's Walk
Rock,Ozone Baby
Rock,Darlene
Rock,Bonzo's Montreux
Rock,Wearing And Tearing
Rock,The Song Remains The Same
Rock,The Rain Song
Rock,Over The Hills And Far Away
Rock,The Crunge
Rock,Dancing Days
Rock,D'Yer Mak'er
Rock,No Quarter
Rock,The Ocean
Rock,In The Evening
Rock,South Bound Saurez
Rock,Fool In The Rain
Rock,Hot Dog
Rock,Carouselambra
Rock,All My Love
Rock,I'm Gonna Crawl
Rock,Black Dog
Rock,Rock & Roll
Rock,The Battle Of Evermore
Rock,Stairway To Heaven
Rock,Misty Mountain Hop
Rock,Four Sticks
Rock,Going To California
Rock,When The Levee Breaks
Rock,Good Times Bad Times
Rock,Babe I'm Gonna Leave You
Rock,You Shook Me
Rock,Dazed and Confused
Rock,Your Time Is Gonna Come
Rock,Black Mountain Side
Rock,Communication Breakdown
Rock,I Can't Quit You Baby
Rock,How Many More Times
Rock,Whole Lotta Love
Rock,What Is And What Should Never Be
Rock,The Lemon Song
Rock,Thank You
Rock,Heartbreaker
Rock,Living Loving Maid (She's Just A Woman)
Rock,Ramble On
Rock,Moby Dick
Rock,Bring It On Home
Rock,Immigrant Song
Rock,Friends
Rock,Celebration Day
Rock,Since I've Been Loving You
Rock,Out On The Tiles
Rock,Gallows Pole
Rock,Tangerine
Rock,That's The Way
Rock,Bron-Y-Aur Stomp
Rock,Hats Off To (Roy) Harper
Rock,In The Light
Rock,Bron-Yr-Aur
Rock,Down By The Seaside
Rock,Ten Years Gone
Rock,Night Flight
Rock,The Wanton Song
Rock,Boogie With Stu
Rock,Black Country Woman
Rock,Sick Again
Rock,Achilles Last Stand
Rock,For Your Life
Rock,Royal Orleans
Rock,Nobody's Fault But Mine
Rock,Candy Store Rock
Rock,Hots On For Nowhere
Rock,Tea For One
Rock,Rock & Roll
Rock,Celebration Day
Rock,The Song Remains The Same
Rock,Rain Song
Rock,Dazed And Confused
Rock,No Quarter
Rock,Stairway To Heaven
Rock,Moby Dick
Rock,Whole Lotta Love
Rock,Are You Gonna Go My Way
Rock,Fly Away
Rock,Rock And Roll Is Dead
Rock,Again
Rock,It Ain't Over 'Til It's Over
Rock,Can't Get You Off My Mind
Rock,Mr. Cab Driver
Rock,American Woman
Rock,Stand By My Woman
Rock,Always On The Run
Rock,Heaven Help
Rock,I Belong To You
Rock,Believe
Rock,Let Love Rule
Rock,Black Velveteen
Rock,Pseudo Silk Kimono
Rock,Kayleigh
Rock,Lavender
Rock,Bitter Suite: Brief Encounter / Lost Weekend / Blue Angel
Rock,Heart Of Lothian: Wide Boy / Curtain Call
Rock,Waterhole (Expresso Bongo)
Rock,Lords Of The Backstage
Rock,Blind Curve: Vocal Under A Bloodlight / Passing Strangers / Mylo / Perimeter Walk / Threshold
Rock,Childhoods End?
Rock,White Feather
Rock,Down Under
Rock,Overkill
Rock,Be Good Johnny
Rock,Everything I Need
Rock,Down by the Sea
Rock,Who Can It Be Now?
Rock,It's a Mistake
Rock,Dr. Heckyll & Mr. Jive
Rock,Shakes and Ladders
Rock,No Sign of Yesterday
Rock,Intro
Rock,School
Rock,Drain You
Rock,Aneurysm
Rock,Smells Like Teen Spirit
Rock,Been A Son
Rock,Lithium
Rock,Sliver
Rock,Spank Thru
Rock,Scentless Apprentice
Rock,Heart-Shaped Box
Rock,Milk It
Rock,Negative Creep
Rock,Polly
Rock,Breed
Rock,Tourette's
Rock,Blew
Rock,Smells Like Teen Spirit
Rock,In Bloom
Rock,Come As You Are
Rock,Breed
Rock,Lithium
Rock,Polly
Rock,Territorial Pissings
Rock,Drain You
Rock,Lounge Act
Rock,Stay Away
Rock,On A Plain
Rock,Something In The Way
Rock,Time
Rock,P.S.Apareça
Rock,Sangue Latino
Rock,Folhas Secas
Rock,Poeira
Rock,Mágica
Rock,Quem Mata A Mulher Mata O Melhor
Rock,Mundaréu
Rock,O Braço Da Minha Guitarra
Rock,Deus
Rock,Mãe Terra
Rock,Às Vezes
Rock,Menino De Rua
Rock,Prazer E Fé
Rock,Elza
Rock,Bark at the Moon
Rock,I Don't Know
Rock,Crazy Train
Rock,Flying High Again
Rock,"Mama, I'm Coming Home"
Rock,No More Tears
Rock,Shining In The Light
Rock,When The World Was Young
Rock,Upon A Golden Horse
Rock,Blue Train
Rock,Please Read The Letter
Rock,Most High
Rock,Heart In Your Hand
Rock,Walking Into Clarksdale
Rock,Burning Up
Rock,When I Was A Child
Rock,House Of Love
Rock,Sons Of Freedom
Rock,Wrathchild
Rock,Killers
Rock,Prowler
Rock,Murders In The Rue Morgue
Rock,Women In Uniform
Rock,Remember Tomorrow
Rock,Sanctuary
Rock,Running Free
Rock,Phantom Of The Opera
Rock,Iron Maiden
Rock,Corduroy
Rock,Given To Fly
Rock,"Hail, Hail"
Rock,Daughter
Rock,Elderly Woman Behind The Counter In A Small Town
Rock,Untitled
Rock,MFC
Rock,Go
Rock,Red Mosquito
Rock,Even Flow
Rock,Off He Goes
Rock,Nothingman
Rock,Do The Evolution
Rock,Better Man
Rock,Black
Rock,F*Ckin' Up
Rock,Can't Keep
Rock,Save You
Rock,Love Boat Captain
Rock,Cropduster
Rock,Ghost
Rock,I Am Mine
Rock,Thumbing My Way
Rock,You Are
Rock,Get Right
Rock,Green Disease
Rock,Help Help
Rock,Bushleager
Rock,1/2 Full
Rock,Arc
Rock,All or None
Rock,Once
Rock,Evenflow
Rock,Alive
Rock,Why Go
Rock,Black
Rock,Jeremy
Rock,Oceans
Rock,Porch
Rock,Garden
Rock,Deep
Rock,Release
Rock,Go
Rock,Animal
Rock,Daughter
Rock,Glorified G
Rock,Dissident
Rock,W.M.A.
Rock,Blood
Rock,Rearviewmirror
Rock,Rats
Rock,Elderly Woman Behind The Counter In A Small Town
Rock,Leash
Rock,Indifference
Rock,Speak To Me/Breathe
Rock,On The Run
Rock,Time
Rock,The Great Gig In The Sky
Rock,Money
Rock,Us And Them
Rock,Any Colour You Like
Rock,Brain Damage
Rock,Eclipse
Rock,Bohemian Rhapsody
Rock,Another One Bites The Dust
Rock,Killer Queen
Rock,Fat Bottomed Girls
Rock,Bicycle Race
Rock,You're My Best Friend
Rock,Don't Stop Me Now
Rock,Save Me
Rock,Crazy Little Thing Called Love
Rock,Somebody To Love
Rock,Now I'm Here
Rock,Good Old-Fashioned Lover Boy
Rock,Play The Game
Rock,Flash
Rock,Seven Seas Of Rhye
Rock,We Will Rock You
Rock,We Are The Champions
Rock,We Will Rock You
Rock,We Are The Champions
Rock,Sheer Heart Attack
Rock,"All Dead, All Dead"
Rock,Spread Your Wings
Rock,Fight From The Inside
Rock,"Get Down, Make Love"
Rock,Sleep On The Sidewalk
Rock,Who Needs You
Rock,It's Late
Rock,My Melancholy Blues
Rock,How The West Was Won And Where It Got Us
Rock,The Wake-Up Bomb
Rock,New Test Leper
Rock,Undertow
Rock,E-Bow The Letter
Rock,Leave
Rock,Departure
Rock,Bittersweet Me
Rock,Be Mine
Rock,Binky The Doormat
Rock,Zither
Rock,"So Fast, So Numb"
Rock,Low Desert
Rock,Electrolite
Rock,Maluco Beleza
Rock,O Dia Em Que A Terra Parou
Rock,No Fundo Do Quintal Da Escola
Rock,O Segredo Do Universo
Rock,As Profecias
Rock,Mata Virgem
Rock,Sapato 36
Rock,Todo Mundo Explica
Rock,Que Luz É Essa
Rock,Diamante De Mendigo
Rock,Negócio É
Rock,"Muita Estrela, Pouca Constelação"
Rock,Século XXI
Rock,Rock Das Aranhas (Ao Vivo) (Live)
Rock,By The Way
Rock,Universally Speaking
Rock,This Is The Place
Rock,Dosed
Rock,Don't Forget Me
Rock,The Zephyr Song
Rock,Can't Stop
Rock,I Could Die For You
Rock,Midnight
Rock,Throw Away Your Television
Rock,Cabron
Rock,Tear
Rock,On Mercury
Rock,Minor Thing
Rock,Warm Tape
Rock,Venice Queen
Rock,Around The World
Rock,Parallel Universe
Rock,Scar Tissue
Rock,Otherside
Rock,Get On Top
Rock,Californication
Rock,Easily
Rock,Porcelain
Rock,Emit Remmus
Rock,I Like Dirt
Rock,This Velvet Glove
Rock,Savior
Rock,Purple Stain
Rock,Right On Time
Rock,Road Trippin'
Rock,The Spirit Of Radio
Rock,The Trees
Rock,Something For Nothing
Rock,Freewill
Rock,Xanadu
Rock,Bastille Day
Rock,By-Tor And The Snow Dog
Rock,Anthem
Rock,Closer To The Heart
Rock,2112 Overture
Rock,The Temples Of Syrinx
Rock,La Villa Strangiato
Rock,Fly By Night
Rock,Finding My Way
Rock,Jingo
Rock,El Corazon Manda
Rock,La Puesta Del Sol
Rock,Persuasion
Rock,As The Years Go by
Rock,Soul Sacrifice
Rock,Fried Neckbones And Home Fries
Rock,Santana Jam
Rock,Evil Ways
Rock,We've Got To Get Together/Jingo
Rock,Rock Me
Rock,Just Ain't Good Enough
Rock,Funky Piano
Rock,The Way You Do To Mer
Rock,Holding Back The Years
Rock,Money's Too Tight To Mention
Rock,The Right Thing
Rock,It's Only Love
Rock,A New Flame
Rock,You've Got It
Rock,If You Don't Know Me By Now
Rock,Stars
Rock,Something Got Me Started
Rock,Thrill Me
Rock,Your Mirror
Rock,For Your Babies
Rock,So Beautiful
Rock,Angel
Rock,Fairground
Rock,Água E Fogo
Rock,Três Lados
Rock,Ela Desapareceu
Rock,Balada Do Amor Inabalável
Rock,Canção Noturna
Rock,Muçulmano
Rock,Maquinarama
Rock,Rebelião
Rock,A Última Guerra
Rock,Fica
Rock,Ali
Rock,Preto Damião
Rock,É Uma Partida De Futebol
Rock,Eu Disse A Ela
Rock,Zé Trindade
Rock,Garota Nacional
Rock,Tão Seu
Rock,Sem Terra
Rock,Os Exilados
Rock,Um Dia Qualquer
Rock,Los Pretos
Rock,Sul Da América
Rock,Poconé
Rock,Nothing To Say
Rock,Flower
Rock,Loud Love
Rock,Hands All Over
Rock,Get On The Snake
Rock,Jesus Christ Pose
Rock,Outshined
Rock,Rusty Cage
Rock,Spoonman
Rock,The Day I Tried To Live
Rock,Black Hole Sun
Rock,Fell On Black Days
Rock,Pretty Noose
Rock,Burden In My Hand
Rock,Blow Up The Outside World
Rock,Ty Cobb
Rock,Bleed Together
Rock,Dead And Bloated
Rock,Sex Type Thing
Rock,Wicked Garden
Rock,No Memory
Rock,Sin
Rock,Naked Sunday
Rock,Creep
Rock,Piece Of Pie
Rock,Plush
Rock,Wet My Bed
Rock,Crackerman
Rock,Where The River Goes
Rock,The Sun Road
Rock,Dark Corners
Rock,Duende
Rock,Black Light Syndrome
Rock,Falling in Circles
Rock,Book of Hours
Rock,Chaos-Control
Rock,War (The Process)
Rock,The Saint
Rock,Rise
Rock,Take The Power
Rock,Breathe
Rock,Nico
Rock,American Gothic
Rock,Ashes And Ghosts
Rock,Shape The Sky
Rock,Speed Of Light
Rock,True Believers
Rock,My Bridges Burn
Rock,She Sells Sanctuary
Rock,Fire Woman
Rock,Lil' Evil
Rock,Spirit Walker
Rock,The Witch
Rock,Revolution
Rock,Wild Hearted Son
Rock,Love Removal Machine
Rock,Rain
Rock,Edie (Ciao Baby)
Rock,Heart Of Soul
Rock,Love
Rock,Wild Flower
Rock,Go West
Rock,Resurrection Joe
Rock,Sun King
Rock,Sweet Soul Sister
Rock,Earth Mofo
Rock,Break on Through
Rock,Soul Kitchen
Rock,The Crystal Ship
Rock,Twentienth Century Fox
Rock,Alabama Song
Rock,Light My Fire
Rock,Back Door Man
Rock,I Looked At You
Rock,End Of The Night
Rock,Take It As It Comes
Rock,The End
Rock,Roxanne
Rock,Can't Stand Losing You
Rock,Message in a Bottle
Rock,Walking on the Moon
Rock,Don't Stand so Close to Me
Rock,"De Do Do Do, De Da Da Da"
Rock,Every Little Thing She Does is Magic
Rock,Invisible Sun
Rock,Spirit's in the Material World
Rock,Every Breath You Take
Rock,King Of Pain
Rock,Wrapped Around Your Finger
Rock,Don't Stand So Close to Me '86
Rock,Message in a Bottle (new classic rock mix)
Rock,Time Is On My Side
Rock,Heart Of Stone
Rock,Play With Fire
Rock,Satisfaction
Rock,As Tears Go By
Rock,Get Off Of My Cloud
Rock,Mother's Little Helper
Rock,19th Nervous Breakdown
Rock,Paint It Black
Rock,Under My Thumb
Rock,Ruby Tuesday
Rock,Let's Spend The Night Together
Rock,Intro
Rock,You Got Me Rocking
Rock,Gimmie Shelters
Rock,Flip The Switch
Rock,Memory Motel
Rock,Corinna
Rock,Saint Of Me
Rock,Wainting On A Friend
Rock,Sister Morphine
Rock,Live With Me
Rock,Respectable
Rock,Thief In The Night
Rock,The Last Time
Rock,Out Of Control
Rock,Love Is Strong
Rock,You Got Me Rocking
Rock,Sparks Will Fly
Rock,The Worst
Rock,New Faces
Rock,Moon Is Up
Rock,Out Of Tears
Rock,I Go Wild
Rock,Brand New Car
Rock,Sweethearts Together
Rock,Suck On The Jugular
Rock,Blinded By Rainbows
Rock,Baby Break It Down
Rock,Thru And Thru
Rock,Mean Disposition
Rock,I Can't Explain
Rock,"Anyway, Anyhow, Anywhere"
Rock,My Generation
Rock,Substitute
Rock,I'm A Boy
Rock,Boris The Spider
Rock,Happy Jack
Rock,Pictures Of Lily
Rock,I Can See For Miles
Rock,Magic Bus
Rock,Pinball Wizard
Rock,The Seeker
Rock,Baba O'Riley
Rock,Won't Get Fooled Again (Full Length Version)
Rock,Let's See Action
Rock,5.15
Rock,Join Together
Rock,Squeeze Box
Rock,Who Are You (Single Edit Version)
Rock,You Better You Bet
Rock,Zoo Station
Rock,Even Better Than The Real Thing
Rock,One
Rock,Until The End Of The World
Rock,Who's Gonna Ride Your Wild Horses
Rock,So Cruel
Rock,The Fly
Rock,Mysterious Ways
Rock,Tryin' To Throw Your Arms Around The World
Rock,Ultraviolet (Light My Way)
Rock,Acrobat
Rock,Love Is Blindness
Rock,Beautiful Day
Rock,Stuck In A Moment You Can't Get Out Of
Rock,Elevation
Rock,Walk On
Rock,Kite
Rock,In A Little While
Rock,Wild Honey
Rock,Peace On Earth
Rock,When I Look At The World
Rock,New York
Rock,Grace
Rock,The Three Sunrises
Rock,Spanish Eyes
Rock,Sweetest Thing
Rock,Love Comes Tumbling
Rock,Bass Trap
Rock,Dancing Barefoot
Rock,Everlasting Love
Rock,Unchained Melody
Rock,Walk To The Water
Rock,Luminous Times (Hold On To Love)
Rock,Hallelujah Here She Comes
Rock,Silver And Gold
Rock,Endless Deep
Rock,A Room At The Heartbreak Hotel
Rock,"Trash, Trampoline And The Party Girl"
Rock,Vertigo
Rock,Miracle Drug
Rock,Sometimes You Can't Make It On Your Own
Rock,Love And Peace Or Else
Rock,City Of Blinding Lights
Rock,All Because Of You
Rock,A Man And A Woman
Rock,Crumbs From Your Table
Rock,One Step Closer
Rock,Original Of The Species
Rock,Yahweh
Rock,Discotheque
Rock,Do You Feel Loved
Rock,Mofo
Rock,If God Will Send His Angels
Rock,Staring At The Sun
Rock,Last Night On Earth
Rock,Gone
Rock,Miami
Rock,The Playboy Mansion
Rock,If You Wear That Velvet Dress
Rock,Please
Rock,Wake Up Dead Man
Rock,Helter Skelter
Rock,Van Diemen's Land
Rock,Desire
Rock,Hawkmoon 269
Rock,All Along The Watchtower
Rock,I Still Haven't Found What I'm Looking for
Rock,Freedom For My People
Rock,Silver And Gold
Rock,Pride (In The Name Of Love)
Rock,Angel Of Harlem
Rock,Love Rescue Me
Rock,When Love Comes To Town
Rock,Heartland
Rock,God Part II
Rock,The Star Spangled Banner
Rock,Bullet The Blue Sky
Rock,All I Want Is You
Rock,Pride (In The Name Of Love)
Rock,New Year's Day
Rock,With Or Without You
Rock,I Still Haven't Found What I'm Looking For
Rock,Sunday Bloody Sunday
Rock,Bad
Rock,Where The Streets Have No Name
Rock,I Will Follow
Rock,The Unforgettable Fire
Rock,Sweetest Thing
Rock,Desire
Rock,When Love Comes To Town
Rock,Angel Of Harlem
Rock,All I Want Is You
Rock,Sunday Bloody Sunday
Rock,Seconds
Rock,New Year's Day
Rock,Like A Song...
Rock,Drowning Man
Rock,The Refugee
Rock,Two Hearts Beat As One
Rock,Red Light
Rock,Surrender
Rock,"""40"""
Rock,Zooropa
Rock,Babyface
Rock,Numb
Rock,Lemon
Rock,"Stay (Faraway, So Close!)"
Rock,Daddy's Gonna Pay For Your Crashed Car
Rock,Some Days Are Better Than Others
Rock,The First Time
Rock,Dirty Day
Rock,The Wanderer
Rock,Where Have All The Good Times Gone?
Rock,Hang 'Em High
Rock,Cathedral
Rock,Secrets
Rock,Intruder
Rock,(Oh) Pretty Woman
Rock,Dancing In The Street
Rock,Little Guitars (Intro)
Rock,Little Guitars
Rock,Big Bad Bill (Is Sweet William Now)
Rock,The Full Bug
Rock,Happy Trails
Rock,Eruption
Rock,Ain't Talkin' 'bout Love
Rock,Runnin' With The Devil
Rock,Dance the Night Away
Rock,And the Cradle Will Rock...
Rock,Unchained
Rock,Jump
Rock,Panama
Rock,Why Can't This Be Love
Rock,Dreams
Rock,When It's Love
Rock,Poundcake
Rock,Right Now
Rock,Can't Stop Loving You
Rock,Humans Being
Rock,Can't Get This Stuff No More
Rock,Me Wise Magic
Rock,Runnin' With The Devil
Rock,Eruption
Rock,You Really Got Me
Rock,Ain't Talkin' 'Bout Love
Rock,I'm The One
Rock,Jamie's Cryin'
Rock,Atomic Punk
Rock,Feel Your Love Tonight
Rock,Little Dreamer
Rock,Ice Cream Man
Rock,On Fire
Rock,Neworld
Rock,Without You
Rock,One I Want
Rock,From Afar
Rock,Dirty Water Dog
Rock,Once
Rock,Fire in the Hole
Rock,Josephina
Rock,Year to the Day
Rock,Primary
Rock,Ballot or the Bullet
Rock,How Many Say I
Rock,Sucker Train Blues
Rock,Do It For The Kids
Rock,Big Machine
Rock,Illegal I Song
Rock,Spectacle
Rock,Fall To Pieces
Rock,Headspace
Rock,Superhuman
Rock,Set Me Free
Rock,You Got No Right
Rock,Slither
Rock,Dirty Little Thing
Rock,Loving The Alien
Rock,Your Time Is Gonna Come
Rock,Sympton of the Universe
Rock,Snowblind
Rock,Black Sabbath
Rock,Fairies Wear Boots
Rock,War Pigs
Rock,The Wizard
Rock,N.I.B.
Rock,Sweet Leaf
Rock,Never Say Die
Rock,"Sabbath, Bloody Sabbath"
Rock,Iron Man/Children of the Grave
Rock,Paranoid
Rock,Rock You Like a Hurricane
Rock,No One Like You
Rock,The Zoo
Rock,Loving You Sunday Morning
Rock,Still Loving You
Rock,Big City Nights
Rock,Believe in Love
Rock,Rhythm of Love
Rock,I Can't Explain
Rock,Tease Me Please Me
Rock,Wind of Change
Rock,Send Me an Angel
Rock,I Guess You're Right
Rock,Love Comes
Jazz,Desafinado
Jazz,Garota De Ipanema
Jazz,Samba De Uma Nota Só (One Note Samba)
Jazz,Por Causa De Você
Jazz,Ligia
Jazz,Fotografia
Jazz,Dindi (Dindi)
Jazz,Se Todos Fossem Iguais A Você (Instrumental)
Jazz,Falando De Amor
Jazz,Angela
Jazz,Corcovado (Quiet Nights Of Quiet Stars)
Jazz,Outra Vez
Jazz,O Boto (Bôto)
Jazz,"Canta, Canta Mais"
Jazz,Quadrant
Jazz,Snoopy's search-Red baron
Jazz,"Spanish moss-""A sound portrait""-Spanish moss"
Jazz,Moon germs
Jazz,Stratus
Jazz,The pleasant pheasant
Jazz,Solo-Panhandler
Jazz,Do what cha wanna
Jazz,Heart of the Night
Jazz,De La Luz
Jazz,Westwood Moon
Jazz,Midnight
Jazz,Playtime
Jazz,Surrender
Jazz,Valentino's
Jazz,Believe
Jazz,As We Sleep
Jazz,When Evening Falls
Jazz,J Squared
Jazz,Best Thing
Jazz,Now's The Time
Jazz,Jeru
Jazz,Compulsion
Jazz,Tempus Fugit
Jazz,Walkin'
Jazz,'Round Midnight
Jazz,Bye Bye Blackbird
Jazz,New Rhumba
Jazz,Generique
Jazz,Summertime
Jazz,So What
Jazz,The Pan Piper
Jazz,Someday My Prince Will Come
Jazz,My Funny Valentine (Live)
Jazz,E.S.P.
Jazz,Nefertiti
Jazz,Petits Machins (Little Stuff)
Jazz,Miles Runs The Voodoo Down
Jazz,Little Church (Live)
Jazz,Black Satin
Jazz,Jean Pierre (Live)
Jazz,Time After Time
Jazz,Portia
Jazz,Jeepers Creepers
Jazz,Blue Rythm Fantasy
Jazz,Drum Boogie
Jazz,Let Me Off Uptown
Jazz,Leave Us Leap
Jazz,Opus No.1
Jazz,Boogie Blues
Jazz,How High The Moon
Jazz,Disc Jockey Jump
Jazz,Up An' Atom
Jazz,Bop Boogie
Jazz,Lemon Drop
Jazz,Coronation Drop
Jazz,Overtime
Jazz,Imagination
Jazz,Don't Take Your Love From Me
Jazz,Midget
Jazz,I'm Coming Virginia
Jazz,Payin' Them Dues Blues
Jazz,Jungle Drums
Jazz,Showcase
Jazz,Swedish Schnapps
Jazz,Roll Call
Jazz,Otay
Jazz,Groovus Interruptus
Jazz,Paris On Mine
Jazz,In Time
Jazz,Plan B
Jazz,Outbreak
Jazz,"Baltimore, DC"
Jazz,Talkin Loud and Saying Nothin
Jazz,Doce De Carnaval (Candy All)
Jazz,Lamento De Carnaval
Jazz,Pretinha
Jazz,Colibri
Jazz,Love Is The Colour
Jazz,Magnetic Ocean
Jazz,Deep Waters
Jazz,L'Arc En Ciel De Miles
Jazz,Gypsy
Jazz,Journey Into Sunlight
Jazz,Sunchild
Jazz,Millenium
Jazz,Thinking 'Bout Tomorrow
Jazz,Jacob's Ladder
Jazz,She Wears Black
Jazz,Dark Side Of The Cog
Jazz,Springsville
Jazz,The Maids Of Cadiz
Jazz,The Duke
Jazz,My Ship
Jazz,Miles Ahead
Jazz,Blues For Pablo
Jazz,New Rhumba
Jazz,The Meaning Of The Blues
Jazz,Lament
Jazz,I Don't Wanna Be Kissed (By Anyone But You)
Jazz,Springsville (Alternate Take)
Jazz,Blues For Pablo (Alternate Take)
Jazz,The Meaning Of The Blues/Lament (Alternate Take)
Jazz,I Don't Wanna Be Kissed (By Anyone But You) (Alternate Take)
Jazz,Morning Dance
Jazz,Jubilee
Jazz,Rasul
Jazz,Song For Lorraine
Jazz,Starburst
Jazz,Heliopolis
Jazz,It Doesn't Matter
Jazz,Little Linda
Jazz,End Of Romanticism
Jazz,Amanda
Jazz,Despertar
Jazz,OAM's Blues
Metal,Enter Sandman
Metal,Master Of Puppets
Metal,Harvester Of Sorrow
Metal,The Unforgiven
Metal,Sad But True
Metal,Creeping Death
Metal,Wherever I May Roam
Metal,Welcome Home (Sanitarium)
Metal,Intro/ Low Down
Metal,13 Years Of Grief
Metal,Stronger Than Death
Metal,All For You
Metal,Super Terrorizer
Metal,Phoney Smile Fake Hellos
Metal,Lost My Better Half
Metal,Bored To Tears
Metal,A.N.D.R.O.T.A.Z.
Metal,Born To Booze
Metal,World Of Trouble
Metal,No More Tears
Metal,The Begining... At Last
Metal,Heart Of Gold
Metal,Snowblind
Metal,Like A Bird
Metal,Blood In The Wall
Metal,The Beginning...At Last
Metal,Black Sabbath
Metal,The Wizard
Metal,Behind The Wall Of Sleep
Metal,N.I.B.
Metal,Evil Woman
Metal,Sleeping Village
Metal,Warning
Metal,Wheels Of Confusion / The Straightener
Metal,Tomorrow's Dream
Metal,Changes
Metal,FX
Metal,Supernaut
Metal,Snowblind
Metal,Cornucopia
Metal,Laguna Sunrise
Metal,St. Vitus Dance
Metal,Under The Sun/Every Day Comes and Goes
Metal,King In Crimson
Metal,Chemical Wedding
Metal,The Tower
Metal,Killing Floor
Metal,Book Of Thel
Metal,Gates Of Urizen
Metal,Jerusalem
Metal,Trupets Of Jericho
Metal,Machine Men
Metal,The Alchemist
Metal,Realword
Metal,Free Speech For The Dumb
Metal,It's Electric
Metal,Sabbra Cadabra
Metal,Turn The Page
Metal,Die Die My Darling
Metal,Loverman
Metal,Mercyful Fate
Metal,Astronomy
Metal,Whiskey In The Jar
Metal,Tuesday's Gone
Metal,The More I See
Metal,Straight Out Of Line
Metal,Faceless
Metal,Changes
Metal,Make Me Believe
Metal,I Stand Alone
Metal,Re-Align
Metal,I Fucking Hate You
Metal,Releasing The Demons
Metal,Dead And Broken
Metal,I Am
Metal,The Awakening
Metal,Serenity
Metal,Civil War
Metal,14 Years
Metal,Yesterdays
Metal,Knockin' On Heaven's Door
Metal,Get In The Ring
Metal,Shotgun Blues
Metal,Breakdown
Metal,Pretty Tied Up
Metal,Locomotive
Metal,So Fine
Metal,Estranged
Metal,You Could Be Mine
Metal,Don't Cry
Metal,My World
Metal,The Number Of The Beast
Metal,The Trooper
Metal,Prowler
Metal,Transylvania
Metal,Remember Tomorrow
Metal,Where Eagles Dare
Metal,Sanctuary
Metal,Running Free
Metal,Run To The Hilss
Metal,2 Minutes To Midnight
Metal,Iron Maiden
Metal,Hallowed Be Thy Name
Metal,Be Quick Or Be Dead
Metal,From Here To Eternity
Metal,Can I Play With Madness
Metal,Wasting Love
Metal,Tailgunner
Metal,The Evil That Men Do
Metal,Afraid To Shoot Strangers
Metal,Bring Your Daughter... To The Slaughter
Metal,Heaven Can Wait
Metal,The Clairvoyant
Metal,Fear Of The Dark
Metal,2 Minutes To Midnight
Metal,The Trooper
Metal,Revelations
Metal,Flight Of Icarus
Metal,Rime Of The Ancient Mariner
Metal,Powerslave
Metal,The Number Of The Beast
Metal,Hallowed Be Thy Name
Metal,Iron Maiden
Metal,Run To The Hills
Metal,Running Free
Metal,Tailgunner
Metal,Holy Smoke
Metal,No Prayer For The Dying
Metal,Public Enema Number One
Metal,Fates Warning
Metal,The Assassin
Metal,Run Silent Run Deep
Metal,Hooks In You
Metal,Bring Your Daughter... ...To The Slaughter
Metal,Mother Russia
Metal,Where Eagles Dare
Metal,Revelations
Metal,Flight Of The Icarus
Metal,Die With Your Boots On
Metal,The Trooper
Metal,Still Life
Metal,Quest For Fire
Metal,Sun And Steel
Metal,To Tame A Land
Metal,Aces High
Metal,2 Minutes To Midnight
Metal,Losfer Words
Metal,Flash of The Blade
Metal,Duelists
Metal,Back in the Village
Metal,Powerslave
Metal,Rime of the Ancient Mariner
Metal,Intro
Metal,The Wicker Man
Metal,Ghost Of The Navigator
Metal,Brave New World
Metal,Wrathchild
Metal,2 Minutes To Midnight
Metal,Blood Brothers
Metal,Sign Of The Cross
Metal,The Mercenary
Metal,The Trooper
Metal,The Evil That Men Do
Metal,Moonchild
Metal,Infinite Dreams
Metal,Can I Play With Madness
Metal,The Evil That Men Do
Metal,Seventh Son of a Seventh Son
Metal,The Prophecy
Metal,The Clairvoyant
Metal,Only the Good Die Young
Metal,Caught Somewhere in Time
Metal,Wasted Years
Metal,Sea of Madness
Metal,Heaven Can Wait
Metal,Stranger in a Strange Land
Metal,Alexander the Great
Metal,De Ja Vu
Metal,The Loneliness of the Long Dis
Metal,22 Acacia Avenue
Metal,Children of the Damned
Metal,Gangland
Metal,Hallowed Be Thy Name
Metal,Invaders
Metal,Run to the Hills
Metal,The Prisoner
Metal,The Green Manalishi
Metal,Living After Midnight
Metal,Breaking The Law (Live)
Metal,Hot Rockin'
Metal,Heading Out To The Highway (Live)
Metal,The Hellion
Metal,Electric Eye
Metal,You've Got Another Thing Comin'
Metal,Turbo Lover
Metal,Freewheel Burning
Metal,Some Heads Are Gonna Roll
Metal,Metal Meltdown
Metal,Ram It Down
Metal,Diamonds And Rust (Live)
Metal,Victim Of Change (Live)
Metal,Tyrant (Live)
Metal,Enter Sandman
Metal,Sad But True
Metal,Holier Than Thou
Metal,The Unforgiven
Metal,Wherever I May Roam
Metal,Don't Tread On Me
Metal,Through The Never
Metal,Nothing Else Matters
Metal,Of Wolf And Man
Metal,The God That Failed
Metal,My Friend Of Misery
Metal,The Struggle Within
Metal,Helpless
Metal,The Small Hours
Metal,The Wait
Metal,Crash Course In Brain Surgery
Metal,Last Caress/Green Hell
Metal,Am I Evil?
Metal,Blitzkrieg
Metal,Breadfan
Metal,The Prince
Metal,Stone Cold Crazy
Metal,So What
Metal,Killing Time
Metal,Overkill
Metal,Damage Case
Metal,Stone Dead Forever
Metal,Too Late Too Late
Metal,Hit The Lights
Metal,The Four Horsemen
Metal,Motorbreath
Metal,Jump In The Fire
Metal,(Anesthesia) Pulling Teeth
Metal,Whiplash
Metal,Phantom Lord
Metal,No Remorse
Metal,Seek & Destroy
Metal,Metal Militia
Metal,Ain't My Bitch
Metal,2 X 4
Metal,The House Jack Built
Metal,Until It Sleeps
Metal,King Nothing
Metal,Hero Of The Day
Metal,Bleeding Me
Metal,Cure
Metal,Poor Twisted Me
Metal,Wasted My Hate
Metal,Mama Said
Metal,Thorn Within
Metal,Ronnie
Metal,The Outlaw Torn
Metal,Battery
Metal,Master Of Puppets
Metal,The Thing That Should Not Be
Metal,Welcome Home (Sanitarium)
Metal,Disposable Heroes
Metal,Leper Messiah
Metal,Orion
Metal,Damage Inc.
Metal,Fuel
Metal,The Memory Remains
Metal,Devil's Dance
Metal,The Unforgiven II
Metal,Better Than You
Metal,Slither
Metal,Carpe Diem Baby
Metal,Bad Seed
Metal,Where The Wild Things Are
Metal,Prince Charming
Metal,Low Man's Lyric
Metal,Attitude
Metal,Fixxxer
Metal,Fight Fire With Fire
Metal,Ride The Lightning
Metal,For Whom The Bell Tolls
Metal,Fade To Black
Metal,Trapped Under Ice
Metal,Escape
Metal,Creeping Death
Metal,The Call Of Ktulu
Metal,Frantic
Metal,St. Anger
Metal,Some Kind Of Monster
Metal,Dirty Window
Metal,Invisible Kid
Metal,My World
Metal,Shoot Me Again
Metal,Sweet Amber
Metal,The Unnamed Feeling
Metal,Purify
Metal,All Within My Hands
Metal,Blackened
Metal,...And Justice For All
Metal,Eye Of The Beholder
Metal,One
Metal,The Shortest Straw
Metal,Harvester Of Sorrow
Metal,The Frayed Ends Of Sanity
Metal,To Live Is To Die
Metal,Dyers Eve
Metal,Ace Of Spades
Metal,Love Me Like A Reptile
Metal,Shoot You In The Back
Metal,Live To Win
Metal,Fast And Loose
Metal,(We Are) The Road Crew
Metal,Fire Fire
Metal,Jailbait
Metal,Dance
Metal,Bite The Bullet
Metal,The Chase Is Better Than The Catch
Metal,The Hammer
Metal,Dirty Love
Metal,Please Don't Touch
Metal,Emergency
Metal,Bitter Pill
Metal,Enslaved
Metal,"Girls, Girls, Girls"
Metal,Kickstart My Heart
Metal,Wild Side
Metal,Glitter
Metal,Dr. Feelgood
Metal,Same Ol' Situation
Metal,Home Sweet Home
Metal,Afraid
Metal,Don't Go Away Mad (Just Go Away)
Metal,Without You
Metal,Smokin' in The Boys Room
Metal,Primal Scream
Metal,Too Fast For Love
Metal,Looks That Kill
Metal,Shout At The Devil
Metal,I Don't Know
Metal,Crazy Train
Metal,Believer
Metal,Mr. Crowley
Metal,Flying High Again
Metal,Relvelation (Mother Earth)
Metal,Steal Away (The Night)
Metal,Suicide Solution (With Guitar Solo)
Metal,Iron Man
Metal,Children Of The Grave
Metal,Paranoid
Metal,Goodbye To Romance
Metal,No Bone Movies
Metal,Dee
Metal,Soldier Side - Intro
Metal,B.Y.O.B.
Metal,Revenga
Metal,Cigaro
Metal,Radio/Video
Metal,This Cocaine Makes Me Feel Like I'm On This Song
Metal,Violent Pornography
Metal,Question!
Metal,Sad Statue
Metal,Old School Hollywood
Metal,Lost in Hollywood
Metal,Still Of The Night
Metal,Here I Go Again
Metal,Is This Love
Metal,Love Ain't No Stranger
Metal,Looking For Love
Metal,Now You're Gone
Metal,Slide It In
Metal,Slow An' Easy
Metal,Judgement Day
Metal,You're Gonna Break My Hart Again
Metal,The Deeper The Love
Metal,Crying In The Rain
Metal,Fool For Your Loving
Metal,Sweet Lady Luck
Alternative & Punk,Your Time Has Come
Alternative & Punk,Out Of Exile
Alternative & Punk,Be Yourself
Alternative & Punk,Doesn't Remind Me
Alternative & Punk,Drown Me Slowly
Alternative & Punk,Heaven's Dead
Alternative & Punk,The Worm
Alternative & Punk,Man Or Animal
Alternative & Punk,Yesterday To Tomorrow
Alternative & Punk,Dandelion
Alternative & Punk,#1 Zero
Alternative & Punk,The Curse
Alternative & Punk,Smoked Pork
Alternative & Punk,Body Count's In The House
Alternative & Punk,Now Sports
Alternative & Punk,Body Count
Alternative & Punk,A Statistic
Alternative & Punk,Bowels Of The Devil
Alternative & Punk,The Real Problem
Alternative & Punk,KKK Bitch
Alternative & Punk,D Note
Alternative & Punk,Voodoo
Alternative & Punk,The Winner Loses
Alternative & Punk,There Goes The Neighborhood
Alternative & Punk,Oprah
Alternative & Punk,Evil Dick
Alternative & Punk,Body Count Anthem
Alternative & Punk,Momma's Gotta Die Tonight
Alternative & Punk,Freedom Of Speech
Alternative & Punk,Maria
Alternative & Punk,Poprocks And Coke
Alternative & Punk,Longview
Alternative & Punk,Welcome To Paradise
Alternative & Punk,Basket Case
Alternative & Punk,When I Come Around
Alternative & Punk,She
Alternative & Punk,J.A.R. (Jason Andrew Relva)
Alternative & Punk,Geek Stink Breath
Alternative & Punk,Brain Stew
Alternative & Punk,Jaded
Alternative & Punk,Walking Contradiction
Alternative & Punk,Stuck With Me
Alternative & Punk,Hitchin' A Ride
Alternative & Punk,Good Riddance (Time Of Your Life)
Alternative & Punk,Redundant
Alternative & Punk,Nice Guys Finish Last
Alternative & Punk,Minority
Alternative & Punk,Warning
Alternative & Punk,Waiting
Alternative & Punk,Macy's Day Parade
Alternative & Punk,Balada Do Louco
Alternative & Punk,Ando Meio Desligado
Alternative & Punk,Top Top
Alternative & Punk,Baby
Alternative & Punk,A E O Z
Alternative & Punk,Panis Et Circenses
Alternative & Punk,Chão De Estrelas
Alternative & Punk,Vida De Cachorro
Alternative & Punk,Bat Macumba
Alternative & Punk,Desculpe Babe
Alternative & Punk,Rita Lee
Alternative & Punk,"Posso Perder Minha Mulher, Minha Mãe, Desde Que Eu Tenha O Rock And Roll"
Alternative & Punk,Banho De Lua
Alternative & Punk,Meu Refrigerador Não Funciona
Alternative & Punk,Collision
Alternative & Punk,Stripsearch
Alternative & Punk,Last Cup Of Sorrow
Alternative & Punk,Naked In Front Of The Computer
Alternative & Punk,Helpless
Alternative & Punk,Mouth To Mouth
Alternative & Punk,Ashes To Ashes
Alternative & Punk,She Loves Me Not
Alternative & Punk,Got That Feeling
Alternative & Punk,Paths Of Glory
Alternative & Punk,Home Sick Home
Alternative & Punk,Pristina
Alternative & Punk,Land Of Sunshine
Alternative & Punk,Caffeine
Alternative & Punk,Midlife Crisis
Alternative & Punk,RV
Alternative & Punk,Smaller And Smaller
Alternative & Punk,Everything's Ruined
Alternative & Punk,Malpractice
Alternative & Punk,Kindergarten
Alternative & Punk,Be Aggressive
Alternative & Punk,A Small Victory
Alternative & Punk,Crack Hitler
Alternative & Punk,Jizzlobber
Alternative & Punk,Midnight Cowboy
Alternative & Punk,Easy
Alternative & Punk,From Out Of Nowhere
Alternative & Punk,Epic
Alternative & Punk,Falling To Pieces
Alternative & Punk,Surprise! You're Dead!
Alternative & Punk,Zombie Eaters
Alternative & Punk,The Real Thing
Alternative & Punk,Underwater Love
Alternative & Punk,The Morning After
Alternative & Punk,Woodpecker From Mars
Alternative & Punk,War Pigs
Alternative & Punk,Edge Of The World
Alternative & Punk,All My Life
Alternative & Punk,Low
Alternative & Punk,Have It All
Alternative & Punk,Times Like These
Alternative & Punk,Disenchanted Lullaby
Alternative & Punk,Tired Of You
Alternative & Punk,Halo
Alternative & Punk,Lonely As You
Alternative & Punk,Overdrive
Alternative & Punk,Burn Away
Alternative & Punk,Come Back
Alternative & Punk,American Idiot
Alternative & Punk,Jesus Of Suburbia / City Of The Damned / I Don't Care / Dearly Beloved / Tales Of Another Broken Home
Alternative & Punk,Holiday
Alternative & Punk,Boulevard Of Broken Dreams
Alternative & Punk,Are We The Waiting
Alternative & Punk,St. Jimmy
Alternative & Punk,Give Me Novacaine
Alternative & Punk,She's A Rebel
Alternative & Punk,Extraordinary Girl
Alternative & Punk,Letterbomb
Alternative & Punk,Wake Me Up When September Ends
Alternative & Punk,Homecoming / The Death Of St. Jimmy / East 12th St. / Nobody Likes You / Rock And Roll Girlfriend / We're Coming Home Again
Alternative & Punk,Whatsername
Alternative & Punk,Last Chance
Alternative & Punk,Are You Gonna Be My Girl
Alternative & Punk,Rollover D.J.
Alternative & Punk,Look What You've Done
Alternative & Punk,Get What You Need
Alternative & Punk,Move On
Alternative & Punk,Radio Song
Alternative & Punk,Get Me Outta Here
Alternative & Punk,Cold Hard Bitch
Alternative & Punk,Come Around Again
Alternative & Punk,Take It Or Leave It
Alternative & Punk,Lazy Gun
Alternative & Punk,Timothy
Alternative & Punk,Life Wasted
Alternative & Punk,World Wide Suicide
Alternative & Punk,Comatose
Alternative & Punk,Severed Hand
Alternative & Punk,Marker In The Sand
Alternative & Punk,Parachutes
Alternative & Punk,Unemployable
Alternative & Punk,Big Wave
Alternative & Punk,Gone
Alternative & Punk,Wasted Reprise
Alternative & Punk,Army Reserve
Alternative & Punk,Come Back
Alternative & Punk,Inside Job
Alternative & Punk,Shiny Happy People
Alternative & Punk,Me In Honey
Alternative & Punk,Radio Song
Alternative & Punk,Pop Song 89
Alternative & Punk,Get Up
Alternative & Punk,You Are The Everything
Alternative & Punk,Stand
Alternative & Punk,World Leader Pretend
Alternative & Punk,The Wrong Child
Alternative & Punk,Orange Crush
Alternative & Punk,Turn You Inside-Out
Alternative & Punk,Hairshirt
Alternative & Punk,I Remember California
Alternative & Punk,Untitled
Alternative & Punk,Losing My Religion
Alternative & Punk,Low
Alternative & Punk,Near Wild Heaven
Alternative & Punk,Endgame
Alternative & Punk,Belong
Alternative & Punk,Half A World Away
Alternative & Punk,Texarkana
Alternative & Punk,Country Feedback
Alternative & Punk,Carnival Of Sorts
Alternative & Punk,Radio Free Aurope
Alternative & Punk,Perfect Circle
Alternative & Punk,Talk About The Passion
Alternative & Punk,So Central Rain
Alternative & Punk,Don't Go Back To Rockville
Alternative & Punk,Pretty Persuasion
Alternative & Punk,Green Grow The Rushes
Alternative & Punk,Can't Get There From Here
Alternative & Punk,Driver 8
Alternative & Punk,Fall On Me
Alternative & Punk,I Believe
Alternative & Punk,Cuyahoga
Alternative & Punk,The One I Love
Alternative & Punk,The Finest Worksong
Alternative & Punk,It's The End Of The World As We Know It (And I Feel Fine)
Alternative & Punk,Infeliz Natal
Alternative & Punk,A Sua
Alternative & Punk,Papeau Nuky Doe
Alternative & Punk,Merry Christmas
Alternative & Punk,Bodies
Alternative & Punk,Puteiro Em João Pessoa
Alternative & Punk,Esporrei Na Manivela
Alternative & Punk,Bê-a-Bá
Alternative & Punk,Cajueiro
Alternative & Punk,Palhas Do Coqueiro
Alternative & Punk,The Power Of Equality
Alternative & Punk,If You Have To Ask
Alternative & Punk,Breaking The Girl
Alternative & Punk,Funky Monks
Alternative & Punk,Suck My Kiss
Alternative & Punk,I Could Have Lied
Alternative & Punk,Mellowship Slinky In B Major
Alternative & Punk,The Righteous & The Wicked
Alternative & Punk,Give It Away
Alternative & Punk,Blood Sugar Sex Magik
Alternative & Punk,Under The Bridge
Alternative & Punk,Naked In The Rain
Alternative & Punk,Apache Rose Peacock
Alternative & Punk,The Greeting Song
Alternative & Punk,My Lovely Man
Alternative & Punk,Sir Psycho Sexy
Alternative & Punk,They're Red Hot
Alternative & Punk,Lucky 13
Alternative & Punk,Aeroplane Flies High
Alternative & Punk,Because You Are
Alternative & Punk,Slow Dawn
Alternative & Punk,Believe
Alternative & Punk,My Mistake
Alternative & Punk,Marquis In Spades
Alternative & Punk,Here's To The Atom Bomb
Alternative & Punk,Sparrow
Alternative & Punk,Waiting
Alternative & Punk,Saturnine
Alternative & Punk,Rock On
Alternative & Punk,Set The Ray To Jerry
Alternative & Punk,Winterlong
Alternative & Punk,Soot & Stars
Alternative & Punk,Blissed & Gone
Alternative & Punk,Siva
Alternative & Punk,Rhinocerous
Alternative & Punk,Drown
Alternative & Punk,Cherub Rock
Alternative & Punk,Today
Alternative & Punk,Disarm
Alternative & Punk,Landslide
Alternative & Punk,Bullet With Butterfly Wings
Alternative & Punk,1979
Alternative & Punk,Zero
Alternative & Punk,"Tonight, Tonight"
Alternative & Punk,Eye
Alternative & Punk,Ava Adore
Alternative & Punk,Perfect
Alternative & Punk,The Everlasting Gaze
Alternative & Punk,Stand Inside Your Love
Alternative & Punk,Real Love
Alternative & Punk,[Untitled]
Alternative & Punk,White Riot
Alternative & Punk,Remote Control
Alternative & Punk,Complete Control
Alternative & Punk,Clash City Rockers
Alternative & Punk,(White Man) In Hammersmith Palais
Alternative & Punk,Tommy Gun
Alternative & Punk,English Civil War
Alternative & Punk,I Fought The Law
Alternative & Punk,London Calling
Alternative & Punk,Train In Vain
Alternative & Punk,Bankrobber
Alternative & Punk,The Call Up
Alternative & Punk,Hitsville UK
Alternative & Punk,The Magnificent Seven
Alternative & Punk,This Is Radio Clash
Alternative & Punk,Know Your Rights
Alternative & Punk,Rock The Casbah
Alternative & Punk,Should I Stay Or Should I Go
Alternative & Punk,Walking Wounded
Alternative & Punk,Temptation
Alternative & Punk,The Messenger
Alternative & Punk,Psychopomp
Alternative & Punk,Sister Awake
Alternative & Punk,The Bazaar
Alternative & Punk,Save Me (Remix)
Alternative & Punk,Fire In The Head
Alternative & Punk,Release
Alternative & Punk,Heaven Coming Down
Alternative & Punk,The River (Remix)
Alternative & Punk,Babylon
Alternative & Punk,Waiting On A Sign
Alternative & Punk,Life Line
Alternative & Punk,Paint It Black
Alternative & Punk,Temptation
Alternative & Punk,Army Ants
Alternative & Punk,Psychopomp
Alternative & Punk,Gyroscope
Alternative & Punk,Alarum
Alternative & Punk,Release
Alternative & Punk,Transmission
Alternative & Punk,Babylon
Alternative & Punk,Pulse
Alternative & Punk,Emerald
Alternative & Punk,Aftermath
Alternative & Punk,Comida
Alternative & Punk,Go Back
Alternative & Punk,Prá Dizer Adeus
Alternative & Punk,Família
Alternative & Punk,Os Cegos Do Castelo
Alternative & Punk,O Pulso
Alternative & Punk,Marvin
Alternative & Punk,Nem 5 Minutos Guardados
Alternative & Punk,Flores
Alternative & Punk,Palavras
Alternative & Punk,Hereditário
Alternative & Punk,A Melhor Forma
Alternative & Punk,Cabeça Dinossauro
Alternative & Punk,32 Dentes
Alternative & Punk,Bichos Escrotos (Vinheta)
Alternative & Punk,Não Vou Lutar
Alternative & Punk,Homem Primata (Vinheta)
Alternative & Punk,Homem Primata
Alternative & Punk,Polícia (Vinheta)
Alternative & Punk,Querem Meu Sangue
Alternative & Punk,Diversão
Alternative & Punk,Televisão
Alternative & Punk,Sonifera Ilha
Alternative & Punk,Lugar Nenhum
Alternative & Punk,Sua Impossivel Chance
Alternative & Punk,Desordem
Alternative & Punk,Não Vou Me Adaptar
Alternative & Punk,Domingo
Alternative & Punk,Amanhã Não Se Sabe
Alternative & Punk,Caras Como Eu
Alternative & Punk,Senhora E Senhor
Alternative & Punk,Era Uma Vez
Alternative & Punk,Miséria
Alternative & Punk,Insensível
Alternative & Punk,Eu E Ela
Alternative & Punk,Toda Cor
Alternative & Punk,É Preciso Saber Viver
Alternative & Punk,Senhor Delegado/Eu Não Aguento
Rock And Roll,Money
Rock And Roll,Long Tall Sally
Rock And Roll,Bad Boy
Rock And Roll,Twist And Shout
Rock And Roll,Please Mr. Postman
Rock And Roll,C'Mon Everybody
Rock And Roll,Rock 'N' Roll Music
Rock And Roll,Slow Down
Rock And Roll,Roadrunner
Rock And Roll,Carol
Rock And Roll,Good Golly Miss Molly
Rock And Roll,20 Flight Rock
Blues,First Time I Met The Blues
Blues,Let Me Love You Baby
Blues,Stone Crazy
Blues,Pretty Baby
Blues,When My Left Eye Jumps
Blues,Leave My Girl Alone
Blues,She Suits Me To A Tee
Blues,Keep It To Myself (Aka Keep It To Yourself)
Blues,My Time After Awhile
Blues,Too Many Ways (Alternate)
Blues,Talkin' 'Bout Women Obviously
Blues,Layla
Blues,Badge
Blues,I Feel Free
Blues,Sunshine Of Your Love
Blues,Crossroads
Blues,Strange Brew
Blues,White Room
Blues,Bell Bottom Blues
Blues,Cocaine
Blues,I Shot The Sheriff
Blues,After Midnight
Blues,Swing Low Sweet Chariot
Blues,Lay Down Sally
Blues,Knockin On Heavens Door
Blues,Wonderful Tonight
Blues,Let It Grow
Blues,Promises
Blues,I Can't Stand It
Blues,Signe
Blues,Before You Accuse Me
Blues,Hey Hey
Blues,Tears In Heaven
Blues,Lonely Stranger
Blues,Nobody Knows You When You're Down & Out
Blues,Layla
Blues,Running On Faith
Blues,Walkin' Blues
Blues,Alberta
Blues,San Francisco Bay Blues
Blues,Malted Milk
Blues,Old Love
Blues,Rollin' And Tumblin'
Blues,01 - Prowler
Blues,02 - Sanctuary
Blues,03 - Remember Tomorrow
Blues,04 - Running Free
Blues,05 - Phantom of the Opera
Blues,06 - Transylvania
Blues,07 - Strange World
Blues,08 - Charlotte the Harlot
Blues,09 - Iron Maiden
Blues,The House Is Rockin'
Blues,Crossfire
Blues,Tightrope
Blues,Let Me Love You Baby
Blues,Leave My Girl Alone
Blues,Travis Walk
Blues,Wall Of Denial
Blues,Scratch-N-Sniff
Blues,Love Me Darlin'
Blues,Riviera Paradise
Blues,Midnight From The Inside Out
Blues,Sting Me
Blues,Thick & Thin
Blues,Greasy Grass River
Blues,Sometimes Salvation
Blues,Cursed Diamonds
Blues,Miracle To Me
Blues,Wiser Time
Blues,Girl From A Pawnshop
Blues,Cosmic Fiend
Blues,Black Moon Creeping
Blues,High Head Blues
Blues,Title Song
Blues,She Talks To Angels
Blues,Twice As Hard
Blues,Lickin'
Blues,Soul Singing
Blues,Hard To Handle
Blues,Remedy
Latin,Jorge Da Capadócia
Latin,Prenda Minha
Latin,Meditação
Latin,Terra
Latin,Eclipse Oculto
Latin,"Texto ""Verdade Tropical"""
Latin,Bem Devagar
Latin,Drão
Latin,Saudosismo
Latin,Carolina
Latin,Sozinho
Latin,Esse Cara
Latin,Mel
Latin,Linha Do Equador
Latin,Odara
Latin,A Luz De Tieta
Latin,Atrás Da Verd-E-Rosa Só Não Vai Quem Já Morreu
Latin,Vida Boa
Latin,Sozinho (Hitmakers Classic Mix)
Latin,Sozinho (Hitmakers Classic Radio Edit)
Latin,Sozinho (Caêdrum 'n' Bass)
Latin,Carolina
Latin,Essa Moça Ta Diferente
Latin,Vai Passar
Latin,Samba De Orly
Latin,"Bye, Bye Brasil"
Latin,Atras Da Porta
Latin,Tatuagem
Latin,O Que Será (À Flor Da Terra)
Latin,Morena De Angola
Latin,Apesar De Você
Latin,A Banda
Latin,Minha Historia
Latin,Com Açúcar E Com Afeto
Latin,Brejo Da Cruz
Latin,Meu Caro Amigo
Latin,Geni E O Zepelim
Latin,Trocando Em Miúdos
Latin,Vai Trabalhar Vagabundo
Latin,Gota D'água
Latin,Construção / Deus Lhe Pague
Latin,Mateus Enter
Latin,O Cidadão Do Mundo
Latin,Etnia
Latin,Quilombo Groove [Instrumental]
Latin,Macô
Latin,Um Passeio No Mundo Livre
Latin,Samba Do Lado
Latin,Maracatu Atômico
Latin,O Encontro De Isaac Asimov Com Santos Dumont No Céu
Latin,Corpo De Lama
Latin,Sobremesa
Latin,Manguetown
Latin,Um Satélite Na Cabeça
Latin,Baião Ambiental [Instrumental]
Latin,Sangue De Bairro
Latin,Enquanto O Mundo Explode
Latin,Interlude Zumbi
Latin,Criança De Domingo
Latin,Amor De Muito
Latin,Samidarish [Instrumental]
Latin,Maracatu Atômico [Atomic Version]
Latin,Maracatu Atômico [Ragga Mix]
Latin,Maracatu Atômico [Trip Hop]
Latin,Banditismo Por Uma Questa
Latin,Banditismo Por Uma Questa
Latin,Rios Pontes & Overdrives
Latin,Cidade
Latin,Praiera
Latin,Samba Makossa
Latin,Da Lama Ao Caos
Latin,Maracatu De Tiro Certeiro
Latin,Salustiano Song
Latin,Antene Se
Latin,Risoflora
Latin,Lixo Do Mangue
Latin,Computadores Fazem Arte
Latin,Noite Do Prazer
Latin,À Francesa
Latin,Cada Um Cada Um (A Namoradeira)
Latin,Linha Do Equador
Latin,Amor Demais
Latin,Férias
Latin,Gostava Tanto De Você
Latin,Flor Do Futuro
Latin,Felicidade Urgente
Latin,Livre Pra Viver
Latin,Guanabara
Latin,Mas Que Nada
Latin,Vôo Sobre o Horizonte
Latin,A Paz
Latin,Wave (Vou te Contar)
Latin,Água de Beber
Latin,Samba da Bençaco
Latin,Pode Parar
Latin,Menino do Rio
Latin,Ando Meio Desligado
Latin,Mistério da Raça
Latin,All Star
Latin,Menina Bonita
Latin,Pescador de Ilusões
Latin,À Vontade (Live Mix)
Latin,Maria Fumaça
Latin,Sambassim (dj patife remix)
Latin,Garota De Ipanema
Latin,Tim Tim Por Tim Tim
Latin,Tarde Em Itapoã
Latin,Tanto Tempo
Latin,Eu Vim Da Bahia - Live
Latin,Alô Alô Marciano
Latin,Linha Do Horizonte
Latin,Only A Dream In Rio
Latin,Abrir A Porta
Latin,Alice
Latin,Momentos Que Marcam
Latin,Um Jantar Pra Dois
Latin,Bumbo Da Mangueira
Latin,Mr Funk Samba
Latin,Santo Antonio
Latin,Por Você
Latin,Só Tinha De Ser Com Você
Latin,Grito De Alerta
Latin,Não Dá Mais Pra Segurar (Explode Coração)
Latin,Começaria Tudo Outra Vez
Latin,O Que É O Que É ?
Latin,Sangrando
Latin,"Diga Lá, Coração"
Latin,Lindo Lago Do Amor
Latin,Eu Apenas Queria Que Voçê Soubesse
Latin,Com A Perna No Mundo
Latin,E Vamos À Luta
Latin,Um Homem Também Chora (Guerreiro Menino)
Latin,Comportamento Geral
Latin,Ponto De Interrogação
Latin,"Espere Por Mim, Morena"
Latin,Meia-Lua Inteira
Latin,Voce e Linda
Latin,Um Indio
Latin,Podres Poderes
Latin,Voce Nao Entende Nada - Cotidiano
Latin,O Estrangeiro
Latin,Menino Do Rio
Latin,Qualquer Coisa
Latin,Sampa
Latin,Queixa
Latin,O Leaozinho
Latin,Fora Da Ordem
Latin,Terra
Latin,"Alegria, Alegria"
Latin,Imperatriz
Latin,Beija-Flor
Latin,Viradouro
Latin,Mocidade
Latin,Unidos Da Tijuca
Latin,Salgueiro
Latin,Mangueira
Latin,União Da Ilha
Latin,Grande Rio
Latin,Portela
Latin,Caprichosos
Latin,Tradição
Latin,Império Serrano
Latin,Tuiuti
Latin,Solução
Latin,Manuel
Latin,Entre E Ouça
Latin,Um Contrato Com Deus
Latin,Um Jantar Pra Dois
Latin,Vamos Dançar
Latin,Um Love
Latin,Seis Da Tarde
Latin,Baixo Rio
Latin,Sombras Do Meu Destino
Latin,Do You Have Other Loves?
Latin,Agora Que O Dia Acordou
Latin,Já!!!
Latin,A Rua
Latin,Linha de Passe (João Bosco)
Latin,Pela Luz dos Olhos Teus (Miúcha e Tom Jobim)
Latin,Chão de Giz (Elba Ramalho)
Latin,Marina (Dorival Caymmi)
Latin,Aquarela (Toquinho)
Latin,Coração do Agreste (Fafá de Belém)
Latin,Dona (Roupa Nova)
Latin,Começaria Tudo Outra Vez (Maria Creuza)
Latin,Caçador de Mim (Sá & Guarabyra)
Latin,Romaria (Renato Teixeira)
Latin,As Rosas Não Falam (Beth Carvalho)
Latin,Wave (Os Cariocas)
Latin,Garota de Ipanema (Dick Farney)
Latin,Preciso Apender a Viver Só (Maysa)
Latin,Gatas Extraordinárias
Latin,Brasil
Latin,Eu Sou Neguinha (Ao Vivo)
Latin,Geração Coca-Cola (Ao Vivo)
Latin,Lanterna Dos Afogados
Latin,Coroné Antonio Bento
Latin,"Você Passa, Eu Acho Graça (Ao Vivo)"
Latin,Meu Mundo Fica Completo (Com Você)
Latin,1° De Julho
Latin,Música Urbana 2
Latin,Vida Bandida (Ao Vivo)
Latin,Palavras Ao Vento
Latin,Não Sei O Que Eu Quero Da Vida
Latin,Woman Is The Nigger Of The World (Ao Vivo)
Latin,Juventude Transviada (Ao Vivo)
Latin,Malandragem
Latin,O Segundo Sol
Latin,Smells Like Teen Spirit (Ao Vivo)
Latin,E.C.T.
Latin,Todo Amor Que Houver Nesta Vida
Latin,Metrô. Linha 743
Latin,Nós (Ao Vivo)
Latin,Na Cadência Do Samba
Latin,Admirável Gado Novo
Latin,Eleanor Rigby
Latin,Socorro
Latin,Blues Da Piedade
Latin,Rubens
Latin,Não Deixe O Samba Morrer - Cassia Eller e Alcione
Latin,Mis Penas Lloraba Yo (Ao Vivo) Soy Gitano (Tangos)
Latin,Pétala
Latin,Meu Bem-Querer
Latin,Cigano
Latin,Boa Noite
Latin,Fato Consumado
Latin,Faltando Um Pedaço
Latin,Álibi
Latin,Esquinas
Latin,Se...
Latin,Eu Te Devoro
Latin,Lilás
Latin,Acelerou
Latin,Um Amor Puro
Latin,Samurai
Latin,Nem Um Dia
Latin,Oceano
Latin,Açai
Latin,Serrado
Latin,Flor De Lis
Latin,Amar É Tudo
Latin,Azul
Latin,Seduzir
Latin,A Carta
Latin,Sina
Latin,Acelerou
Latin,Um Amor Puro
Latin,O Bêbado e a Equilibrista
Latin,O Mestre-Sala dos Mares
Latin,Atrás da Porta
Latin,"Dois Pra Lá, Dois Pra Cá"
Latin,Casa no Campo
Latin,Romaria
Latin,"Alô, Alô, Marciano"
Latin,Me Deixas Louca
Latin,Fascinação
Latin,Saudosa Maloca
Latin,As Aparências Enganam
Latin,Madalena
Latin,Maria Rosa
Latin,Aprendendo A Jogar
Latin,Deixa Entrar
Latin,Falamansa Song
Latin,Xote Dos Milagres
Latin,Rindo À Toa
Latin,Confidência
Latin,Forró De Tóquio
Latin,Zeca Violeiro
Latin,Avisa
Latin,Principiando/Decolagem
Latin,Asas
Latin,Medo De Escuro
Latin,Oração
Latin,Minha Gata
Latin,Desaforo
Latin,Entrando Na Sua (Intro)
Latin,Nervosa
Latin,Funk De Bamba (Com Fernanda Abreu)
Latin,Call Me At Cleo´s
Latin,Olhos Coloridos (Com Sandra De Sá)
Latin,Zambação
Latin,Funk Hum
Latin,Forty Days (Com DJ Hum)
Latin,Balada Da Paula
Latin,Dujji
Latin,Meu Guarda-Chuva
Latin,Motéis
Latin,Whistle Stop
Latin,16 Toneladas
Latin,Divirta-Se (Saindo Da Sua)
Latin,Forty Days Instrumental
Latin,Introdução (Live)
Latin,Palco (Live)
Latin,Is This Love (Live)
Latin,Stir It Up (Live)
Latin,Refavela (Live)
Latin,Vendedor De Caranguejo (Live)
Latin,Quanta (Live)
Latin,Estrela (Live)
Latin,Pela Internet (Live)
Latin,Cérebro Eletrônico (Live)
Latin,Opachorô (Live)
Latin,Copacabana (Live)
Latin,A Novidade (Live)
Latin,Ghandi (Live)
Latin,De Ouro E Marfim (Live)
Latin,A Novidade
Latin,Tenho Sede
Latin,Refazenda
Latin,Realce
Latin,Esotérico
Latin,Drão
Latin,A Paz
Latin,Beira Mar
Latin,Sampa
Latin,Parabolicamará
Latin,Tempo Rei
Latin,Expresso 2222
Latin,Aquele Abraço
Latin,Palco
Latin,Toda Menina Baiana
Latin,Sítio Do Pica-Pau Amarelo
Latin,Engenho De Dentro
Latin,Alcohol
Latin,Mama Africa
Latin,Salve Simpatia
Latin,W/Brasil (Chama O Síndico)
Latin,País Tropical
Latin,Os Alquimistas Estão Chegando
Latin,Charles Anjo 45
Latin,Selassiê
Latin,Menina Sarará
Latin,Que Maravilha
Latin,Santa Clara Clareou
Latin,Filho Maravilha
Latin,Taj Mahal
Latin,Rapidamente
Latin,As Dores do Mundo
Latin,Vou Pra Ai
Latin,My Brother
Latin,Há Quanto Tempo
Latin,Vício
Latin,Encontrar Alguém
Latin,Dance Enquanto é Tempo
Latin,A Tarde
Latin,Always Be All Right
Latin,Sem Sentido
Latin,Onibusfobia
Latin,Natália
Latin,L'Avventura
Latin,Música De Trabalho
Latin,Longe Do Meu Lado
Latin,A Via Láctea
Latin,Música Ambiente
Latin,Aloha
Latin,Soul Parsifal
Latin,Dezesseis
Latin,Mil Pedaços
Latin,Leila
Latin,1º De Julho
Latin,Esperando Por Mim
Latin,Quando Você Voltar
Latin,O Livro Dos Dias
Latin,Será
Latin,Ainda É Cedo
Latin,Geração Coca-Cola
Latin,Eduardo E Mônica
Latin,Tempo Perdido
Latin,Indios
Latin,Que País É Este
Latin,Faroeste Caboclo
Latin,Há Tempos
Latin,Pais E Filhos
Latin,Meninos E Meninas
Latin,Vento No Litoral
Latin,Perfeição
Latin,Giz
Latin,Dezesseis
Latin,Antes Das Seis
Latin,Assim Caminha A Humanidade
Latin,Honolulu
Latin,Dancin´Days
Latin,Um Pro Outro
Latin,Aviso Aos Navegantes
Latin,Casa
Latin,Condição
Latin,Hyperconectividade
Latin,O Descobridor Dos Sete Mares
Latin,Satisfação
Latin,Brumário
Latin,Um Certo Alguém
Latin,Fullgás
Latin,Sábado À Noite
Latin,A Cura
Latin,Aquilo
Latin,Atrás Do Trio Elétrico
Latin,Senta A Pua
Latin,Ro-Que-Se-Da-Ne
Latin,Tudo Bem
Latin,Toda Forma De Amor
Latin,Tudo Igual
Latin,Fogo De Palha
Latin,Sereia
Latin,Assaltaram A Gramática
Latin,Se Você Pensa
Latin,Lá Vem O Sol (Here Comes The Sun)
Latin,O Último Romântico (Ao Vivo)
Latin,Arrepio
Latin,Magamalabares
Latin,Chuva No Brejo
Latin,Cérebro Eletrônico
Latin,Tempos Modernos
Latin,Maraçá
Latin,Blanco
Latin,Panis Et Circenses
Latin,De Noite Na Cama
Latin,Beija Eu
Latin,Give Me Love
Latin,Ainda Lembro
Latin,A Menina Dança
Latin,Dança Da Solidão
Latin,Ao Meu Redor
Latin,Bem Leve
Latin,Segue O Seco
Latin,O Xote Das Meninas
Latin,Coração De Estudante
Latin,A Noite Do Meu Bem
Latin,Paisagem Na Janela
Latin,Cuitelinho
Latin,Caxangá
Latin,Nos Bailes Da Vida
Latin,Menestrel Das Alagoas
Latin,Brasil
Latin,Canção Do Novo Mundo
Latin,Um Gosto De Sol
Latin,Solar
Latin,Para Lennon E McCartney
Latin,"Maria, Maria"
Latin,Minas
Latin,"Fé Cega, Faca Amolada"
Latin,Beijo Partido
Latin,Saudade Dos Aviões Da Panair (Conversando No Bar)
Latin,Gran Circo
Latin,Ponta de Areia
Latin,Trastevere
Latin,Idolatrada
Latin,Leila (Venha Ser Feliz)
Latin,Paula E Bebeto
Latin,Simples
Latin,Norwegian Wood
Latin,Caso Você Queira Saber
Latin,Requebra
Latin,Nossa Gente (Avisa Là)
Latin,Olodum - Alegria Geral
Latin,Madagáscar Olodum
Latin,Faraó Divindade Do Egito
Latin,Todo Amor (Asas Da Liberdade)
Latin,Denúncia
Latin,"Olodum, A Banda Do Pelô"
Latin,Cartao Postal
Latin,Jeito Faceiro
Latin,Revolta Olodum
Latin,Reggae Odoyá
Latin,Protesto Do Olodum (Ao Vivo)
Latin,Olodum - Smile (Instrumental)
Latin,Vulcão Dub - Fui Eu
Latin,O Trem Da Juventude
Latin,Manguetown
Latin,"Um Amor, Um Lugar"
Latin,Bora-Bora
Latin,Vai Valer
Latin,I Feel Good (I Got You) - Sossego
Latin,Uns Dias
Latin,Sincero Breu
Latin,Meu Erro
Latin,Selvagem
Latin,Brasília 5:31
Latin,Tendo A Lua
Latin,Que País É Este
Latin,Navegar Impreciso
Latin,Feira Moderna
Latin,Tequila - Lourinha Bombril (Parate Y Mira)
Latin,Vamo Batê Lata
Latin,Life During Wartime
Latin,Nebulosa Do Amor
Latin,Caleidoscópio
Latin,Trac Trac
Latin,Tendo A Lua
Latin,Mensagen De Amor (2000)
Latin,Lourinha Bombril
Latin,La Bella Luna
Latin,Busca Vida
Latin,Uma Brasileira
Latin,Luis Inacio (300 Picaretas)
Latin,Saber Amar
Latin,Ela Disse Adeus
Latin,O Amor Nao Sabe Esperar
Latin,Aonde Quer Que Eu Va
Latin,Caleidoscópio
Latin,Óculos
Latin,Cinema Mudo
Latin,Alagados
Latin,Lanterna Dos Afogados
Latin,Melô Do Marinheiro
Latin,Vital E Sua Moto
Latin,O Beco
Latin,Meu Erro
Latin,Perplexo
Latin,Me Liga
Latin,Quase Um Segundo
Latin,Selvagem
Latin,Romance Ideal
Latin,Será Que Vai Chover?
Latin,SKA
Latin,Primavera
Latin,Chocolate
Latin,Azul Da Cor Do Mar
Latin,O Descobridor Dos Sete Mares
Latin,Até Que Enfim Encontrei Você
Latin,Coroné Antonio Bento
Latin,New Love
Latin,Não Vou Ficar
Latin,Música No Ar
Latin,Salve Nossa Senhora
Latin,Você Fugiu
Latin,Cristina Nº 2
Latin,Compadre
Latin,Over Again
Latin,Réu Confesso
Latin,O Que Me Importa
Latin,Gostava Tanto De Você
Latin,Você
Latin,Não Quero Dinheiro
Latin,Eu Amo Você
Latin,A Festa Do Santo Reis
Latin,I Don't Know What To Do With Myself
Latin,Padre Cícero
Latin,Nosso Adeus
Latin,Canário Do Reino
Latin,Preciso Ser Amado
Latin,Balanço
Latin,Preciso Aprender A Ser Só
Latin,Esta É A Canção
Latin,Formigueiro
Latin,Pela Luz Dos Olhos Teus
Latin,A Bencao E Outros
Latin,Tudo Na Mais Santa Paz
Latin,O Velho E Aflor
Latin,Cotidiano N 2
Latin,Adeus
Latin,Samba Pra Endrigo
Latin,So Por Amor
Latin,Meu Pranto Rolou
Latin,Mulher Carioca
Latin,Um Homem Chamado Alfredo
Latin,Samba Do Jato
Latin,"Oi, La"
Latin,"Vinicius, Poeta Do Encontro"
Latin,Soneto Da Separacao
Latin,Faixa Amarela
Latin,Posso Até Me Apaixonar
Latin,Não Sou Mais Disso
Latin,Vivo Isolado Do Mundo
Latin,Coração Em Desalinho
Latin,Seu Balancê
Latin,Vai Adiar
Latin,Rugas
Latin,Feirinha da Pavuna/Luz do Repente/Bagaço da Laranja
Latin,Sem Essa de Malandro Agulha
Latin,Chico Não Vai na Corimba
Latin,Papel Principal
Latin,Saudade Louca
Latin,Camarão que Dorme e Onda Leva
Latin,Sapopemba e Maxambomba
Latin,Minha Fé
Latin,Lua de Ogum
Latin,Samba pras moças
Latin,Verdade
Latin,Muita Bobeira
Reggae,Girassol
Reggae,A Sombra Da Maldade
Reggae,Johnny B. Goode
Reggae,Soldado Da Paz
Reggae,Firmamento
Reggae,Extra
Reggae,O Erê
Reggae,Podes Crer
Reggae,A Estrada
Reggae,Berlim
Reggae,Já Foi
Reggae,Onde Você Mora?
Reggae,Pensamento
Reggae,Conciliação
Reggae,Realidade Virtual
Reggae,Mensagem
Reggae,A Cor Do Sol
Reggae,Onde Você Mora?
Reggae,O Erê
Reggae,A Sombra Da Maldade
Reggae,A Estrada
Reggae,Falar A Verdade
Reggae,Firmamento
Reggae,Pensamento
Reggae,Realidade Virtual
Reggae,Doutor
Reggae,Na Frente Da TV
Reggae,Downtown
Reggae,Sábado A Noite
Reggae,A Cor Do Sol
Reggae,Eu Também Quero Beijar
Reggae,Johnny B. Goode
Reggae,Don't Look Back
Reggae,Jah Seh No
Reggae,I'm The Toughest
Reggae,Nothing But Love
Reggae,Buk-In-Hamm Palace
Reggae,Bush Doctor
Reggae,Wanted Dread And Alive
Reggae,Mystic Man
Reggae,Coming In Hot
Reggae,Pick Myself Up
Reggae,Crystal Ball
Reggae,Equal Rights Downpresser Man
Reggae,Breakfast In Bed
Reggae,Where Did I Go Wrong
Reggae,I Would Do For You
Reggae,Homely Girl
Reggae,Here I Am (Come And Take Me)
Reggae,Kingston Town
Reggae,Wear You To The Ball
Reggae,(I Can't Help) Falling In Love With You
Reggae,Higher Ground
Reggae,Bring Me Your Cup
Reggae,C'est La Vie
Reggae,Reggae Music
Reggae,Superstition
Reggae,Until My Dying Day
Pop,"Dig-Dig, Lambe-Lambe (Ao Vivo)"
Pop,Pererê
Pop,TriboTchan
Pop,"Tapa Aqui, Descobre Ali"
Pop,Daniela
Pop,Bate Lata
Pop,Garotas do Brasil
Pop,Levada do Amor (Ailoviu)
Pop,Lavadeira
Pop,Reboladeira
Pop,É que Nessa Encarnação Eu Nasci Manga
Pop,Reggae Tchan
Pop,My Love
Pop,Latinha de Cerveja
Pop,Instant Karma
Pop,#9 Dream
Pop,Mother
Pop,Give Peace a Chance
Pop,Cold Turkey
Pop,Whatever Gets You Thru the Night
Pop,I'm Losing You
Pop,Gimme Some Truth
Pop,"Oh, My Love"
Pop,Imagine
Pop,Nobody Told Me
Pop,Jealous Guy
Pop,Working Class Hero
Pop,Power to the People
Pop,Imagine
Pop,Beautiful Boy
Pop,Isolation
Pop,Watching the Wheels
Pop,Grow Old With Me
Pop,Gimme Some Truth
Pop,[Just Like] Starting Over
Pop,God
Pop,Real Love
Pop,Intro / Stronger Than Me
Pop,You Sent Me Flying / Cherry
Pop,F**k Me Pumps
Pop,I Heard Love Is Blind
Pop,(There Is) No Greater Love (Teo Licks)
Pop,In My Bed
Pop,Take the Box
Pop,October Song
Pop,What Is It About Men
Pop,Help Yourself
Pop,Amy Amy Amy (Outro)
Soundtrack,Vai-Vai 2001
Soundtrack,X-9 2001
Soundtrack,Gavioes 2001
Soundtrack,Nene 2001
Soundtrack,Rosas De Ouro 2001
Soundtrack,Mocidade Alegre 2001
Soundtrack,Camisa Verde 2001
Soundtrack,Leandro De Itaquera 2001
Soundtrack,Tucuruvi 2001
Soundtrack,Aguia De Ouro 2001
Soundtrack,Ipiranga 2001
Soundtrack,Morro Da Casa Verde 2001
Soundtrack,Perola Negra 2001
Soundtrack,Sao Lucas 2001
Soundtrack,Óia Eu Aqui De Novo
Soundtrack,Baião Da Penha
Soundtrack,Esperando Na Janela
Soundtrack,Juazeiro
Soundtrack,Último Pau-De-Arara
Soundtrack,Asa Branca
Soundtrack,Qui Nem Jiló
Soundtrack,Assum Preto
Soundtrack,Pau-De-Arara
Soundtrack,A Volta Da Asa Branca
Soundtrack,O Amor Daqui De Casa
Soundtrack,As Pegadas Do Amor
Soundtrack,Lamento Sertanejo
Soundtrack,Casinha Feliz
Soundtrack,United Colours
Soundtrack,Slug
Soundtrack,Your Blue Room
Soundtrack,Always Forever Now
Soundtrack,A Different Kind Of Blue
Soundtrack,Beach Sequence
Soundtrack,Miss Sarajevo
Soundtrack,Ito Okashi
Soundtrack,One Minute Warning
Soundtrack,Corpse (These Chains Are Way Too Long)
Soundtrack,Elvis Ate America
Soundtrack,Plot 180
Soundtrack,Theme From The Swan
Soundtrack,Theme From Let's Go Native
Soundtrack,Koyaanisqatsi
Bossa Nova,Samba Da Bênção
Bossa Nova,Pot-Pourri N.º 4
Bossa Nova,Onde Anda Você
Bossa Nova,Samba Da Volta
Bossa Nova,Canto De Ossanha
Bossa Nova,Pot-Pourri N.º 5
Bossa Nova,Formosa
Bossa Nova,Como É Duro Trabalhar
Bossa Nova,Minha Namorada
Bossa Nova,Por Que Será
Bossa Nova,Berimbau
Bossa Nova,Deixa
Bossa Nova,Pot-Pourri N.º 2
Bossa Nova,Samba Em Prelúdio
Bossa Nova,Carta Ao Tom 74
Easy Listening,My Way
Easy Listening,Strangers In The Night
Easy Listening,"New York, New York"
Easy Listening,I Get A Kick Out Of You
Easy Listening,Something Stupid
Easy Listening,Moon River
Easy Listening,What Now My Love
Easy Listening,Summer Love
Easy Listening,For Once In My Life
Easy Listening,Love And Marriage
Easy Listening,They Can't Take That Away From Me
Easy Listening,My Kind Of Town
Easy Listening,Fly Me To The Moon
Easy Listening,I've Got You Under My Skin
Easy Listening,The Best Is Yet To Come
Easy Listening,It Was A Very Good Year
Easy Listening,Come Fly With Me
Easy Listening,That's Life
Easy Listening,The Girl From Ipanema
Easy Listening,The Lady Is A Tramp
Easy Listening,"Bad, Bad Leroy Brown"
Easy Listening,Mack The Knife
Easy Listening,Loves Been Good To Me
Easy Listening,L.A. Is My Lady
Heavy Metal,Wildest Dreams
Heavy Metal,Rainmaker
Heavy Metal,No More Lies
Heavy Metal,Montsegur
Heavy Metal,Dance Of Death
Heavy Metal,Gates Of Tomorrow
Heavy Metal,New Frontier
Heavy Metal,Paschendale
Heavy Metal,Face In The Sand
Heavy Metal,Age Of Innocence
Heavy Metal,Journeyman
Heavy Metal,The Ides Of March
Heavy Metal,Wrathchild
Heavy Metal,Murders In The Rue Morgue
Heavy Metal,Another Life
Heavy Metal,Genghis Khan
Heavy Metal,Innocent Exile
Heavy Metal,Killers
Heavy Metal,Prodigal Son
Heavy Metal,Purgatory
Heavy Metal,Drifter
Heavy Metal,Intro- Churchill S Speech
Heavy Metal,Aces High
Heavy Metal,Wrathchild
Heavy Metal,Acacia Avenue
Heavy Metal,Children Of The Damned
Heavy Metal,Die With Your Boots On
Heavy Metal,Phantom Of The Opera
R&B/Soul,Please Please Please
R&B/Soul,Think
R&B/Soul,Night Train
R&B/Soul,Out Of Sight
R&B/Soul,Papa's Got A Brand New Bag Pt.1
R&B/Soul,I Got You (I Feel Good)
R&B/Soul,It's A Man's Man's Man's World
R&B/Soul,Cold Sweat
R&B/Soul,"Say It Loud, I'm Black And I'm Proud Pt.1"
R&B/Soul,Get Up (I Feel Like Being A) Sex Machine
R&B/Soul,Hey America
R&B/Soul,Make It Funky Pt.1
R&B/Soul,I'm A Greedy Man Pt.1
R&B/Soul,Get On The Good Foot
R&B/Soul,Get Up Offa That Thing
R&B/Soul,It's Too Funky In Here
R&B/Soul,Living In America
R&B/Soul,I'm Real
R&B/Soul,Hot Pants Pt.1
R&B/Soul,Soul Power (Live)
R&B/Soul,Canned Heat
R&B/Soul,Planet Home
R&B/Soul,Black Capricorn Day
R&B/Soul,Soul Education
R&B/Soul,Failling
R&B/Soul,Destitute Illusions
R&B/Soul,Supersonic
R&B/Soul,Butterfly
R&B/Soul,Were Do We Go From Here
R&B/Soul,King For A Day
R&B/Soul,Deeper Underground
R&B/Soul,Wherever I Lay My Hat
R&B/Soul,Get My Hands On Some Lovin'
R&B/Soul,No Good Without You
R&B/Soul,You've Been A Long Time Coming
R&B/Soul,When I Had Your Love
R&B/Soul,You're What's Happening (In The World Today)
R&B/Soul,Loving You Is Sweeter Than Ever
R&B/Soul,It's A Bitter Pill To Swallow
R&B/Soul,Seek And You Shall Find
R&B/Soul,Gonna Keep On Tryin' Till I Win Your Love
R&B/Soul,Gonna Give Her All The Love I've Got
R&B/Soul,I Wish It Would Rain
R&B/Soul,"Abraham, Martin And John"
R&B/Soul,Save The Children
R&B/Soul,You Sure Love To Ball
R&B/Soul,Ego Tripping Out
R&B/Soul,Praise
R&B/Soul,Heavy Love Affair
R&B/Soul,Rehab
R&B/Soul,You Know I'm No Good
R&B/Soul,Me & Mr. Jones
R&B/Soul,Just Friends
R&B/Soul,Back to Black
R&B/Soul,Love Is a Losing Game
R&B/Soul,Tears Dry On Their Own
R&B/Soul,Wake Up Alone
R&B/Soul,Some Unholy War
R&B/Soul,He Can Only Hold Her
R&B/Soul,You Know I'm No Good (feat. Ghostface Killah)
R&B/Soul,Rehab (Hot Chip Remix)
Electronica/Dance,Just Another Story
Electronica/Dance,Stillness In Time
Electronica/Dance,Half The Man
Electronica/Dance,Light Years
Electronica/Dance,Manifest Destiny
Electronica/Dance,The Kids
Electronica/Dance,Mr. Moon
Electronica/Dance,Scam
Electronica/Dance,Journey To Arnhemland
Electronica/Dance,Morning Glory
Electronica/Dance,Space Cowboy
Electronica/Dance,Instinto Colectivo
Electronica/Dance,Chapa o Coco
Electronica/Dance,Prostituta
Electronica/Dance,Eu So Queria Sumir
Electronica/Dance,Tres Reis
Electronica/Dance,Um Lugar ao Sol
Electronica/Dance,Batalha Naval
Electronica/Dance,Todo o Carnaval tem seu Fim
Electronica/Dance,O Misterio do Samba
Electronica/Dance,Armadura
Electronica/Dance,Na Ladeira
Electronica/Dance,Carimbo
Electronica/Dance,Catimbo
Electronica/Dance,Funk de Bamba
Electronica/Dance,Chega no Suingue
Electronica/Dance,Mun-Ra
Electronica/Dance,Freestyle Love
Electronica/Dance,Distance
Electronica/Dance,One Step Beyond
World,Pura Elegancia
World,Choramingando
World,Por Merecer
World,No Futuro
World,Voce Inteira
World,Cuando A Noite Vai Chegando
World,Naquele Dia
World,Equinocio
World,Papelão
World,Cuando Eu For Pro Ceu
World,Do Nosso Amor
World,Borogodo
World,Cafezinho
World,Enquanto O Dia Não Vem
World,Kir Royal
World,O Que Vai Em Meu Coração
World,Aos Leões
World,Dois Índios
World,Noite Negra
World,Beijo do Olhar
World,É Fogo
World,Já Foi
World,Só Se For Pelo Cabelo
World,No Clima
World,A Moça e a Chuva
World,Demorou!
World,Din Din Wo (Little Child)
World,I Ka Barra (Your Work)
Hip Hop/Rap,ZeroVinteUm
Hip Hop/Rap,Queimando Tudo
Hip Hop/Rap,Hip Hop Rio
Hip Hop/Rap,Bossa
Hip Hop/Rap,100% HardCore
Hip Hop/Rap,Biruta
Hip Hop/Rap,Mão Na Cabeça
Hip Hop/Rap,O Bicho Tá Pregando
Hip Hop/Rap,Adoled (Ocean)
Hip Hop/Rap,Seus Amigos
Hip Hop/Rap,Paga Pau
Hip Hop/Rap,Rappers Reais
Hip Hop/Rap,Nega Do Cabelo Duro
Hip Hop/Rap,Hemp Family
Hip Hop/Rap,Quem Me Cobrou?
Hip Hop/Rap,Se Liga
Hip Hop/Rap,Jump Around
Hip Hop/Rap,Salutations
Hip Hop/Rap,Put Your Head Out
Hip Hop/Rap,Top O' The Morning To Ya
Hip Hop/Rap,Commercial 1
Hip Hop/Rap,House And The Rising Sun
Hip Hop/Rap,Shamrocks And Shenanigans
Hip Hop/Rap,House Of Pain Anthem
Hip Hop/Rap,"Danny Boy, Danny Boy"
Hip Hop/Rap,Guess Who's Back
Hip Hop/Rap,Commercial 2
Hip Hop/Rap,Put On Your Shit Kickers
Hip Hop/Rap,Come And Get Some Of This
Hip Hop/Rap,Life Goes On
Hip Hop/Rap,One For The Road
Hip Hop/Rap,Feel It
Hip Hop/Rap,All My Love
Hip Hop/Rap,Jump Around (Pete Rock Remix)
Hip Hop/Rap,Shamrocks And Shenanigans (Boom Shalock Lock Boom/Butch Vig Mix)
Science Fiction,Battlestar Galactica: The Story So Far
Science Fiction,A Measure of Salvation
Science Fiction,Hero
Science Fiction,Unfinished Business
Science Fiction,The Passage
Science Fiction,The Eye of Jupiter
Science Fiction,Rapture
Science Fiction,Taking a Break from All Your Worries
Science Fiction,The Woman King
Science Fiction,A Day In the Life
Science Fiction,Dirty Hands
Science Fiction,Maelstrom
Science Fiction,The Son Also Rises
TV Shows,Occupation / Precipice
TV Shows,"Exodus, Pt. 1"
TV Shows,"Exodus, Pt. 2"
TV Shows,Collaborators
TV Shows,Torn
TV Shows,Genesis
TV Shows,Nothing to Hide
TV Shows,Six Months Ago
TV Shows,A Tale of Two Cities
TV Shows,"Lost (Pilot, Part 1) [Premiere]"
TV Shows,"Man of Science, Man of Faith (Premiere)"
TV Shows,Adrift
TV Shows,"Lost (Pilot, Part 2)"
TV Shows,Further Instructions
TV Shows,Orientation
TV Shows,Tabula Rasa
TV Shows,Everybody Hates Hugo
TV Shows,Walkabout
TV Shows,...And Found
TV Shows,The Cost of Living
TV Shows,White Rabbit
TV Shows,Abandoned
TV Shows,House of the Rising Sun
TV Shows,I Do
TV Shows,The Moth
TV Shows,The Other 48 Days
TV Shows,Collision
TV Shows,Confidence Man
TV Shows,Solitary
TV Shows,What Kate Did
TV Shows,Raised By Another
TV Shows,The 23rd Psalm
TV Shows,All the Best Cowboys Have Daddy Issues
TV Shows,Whatever the Case May Be
TV Shows,Hearts and Minds
TV Shows,The Long Con
TV Shows,Special
TV Shows,Homecoming
TV Shows,Outlaws
TV Shows,...In Translation
TV Shows,Dave
TV Shows,Numbers
TV Shows,Deus Ex Machina
TV Shows,S.O.S.
TV Shows,Do No Harm
TV Shows,The Greater Good
TV Shows,"""?"""
TV Shows,Born to Run
TV Shows,Three Minutes
TV Shows,Exodus (Part 1)
TV Shows,Exodus (Part 2) [Season Finale]
TV Shows,"Live Together, Die Alone, Pt. 2"
TV Shows,Exodus (Part 3) [Season Finale]
TV Shows,The Office: An American Workplace (Pilot)
TV Shows,Diversity Day
TV Shows,Health Care
TV Shows,The Alliance
TV Shows,Basketball
TV Shows,Hot Girl
TV Shows,The Dundies
TV Shows,Sexual Harassment
TV Shows,Office Olympics
TV Shows,The Fire
TV Shows,Halloween
TV Shows,The Fight
TV Shows,The Client
TV Shows,Performance Review
TV Shows,Email Surveillance
TV Shows,Christmas Party
TV Shows,Booze Cruise
TV Shows,The Injury
TV Shows,The Secret
TV Shows,The Carpet
TV Shows,Boys and Girls
TV Shows,Valentine's Day
TV Shows,Dwight's Speech
TV Shows,Take Your Daughter to Work Day
TV Shows,Michael's Birthday
TV Shows,Drug Testing
TV Shows,Conflict Resolution
TV Shows,Casino Night - Season Finale
TV Shows,Gay Witch Hunt
TV Shows,The Convention
TV Shows,The Coup
TV Shows,Grief Counseling
TV Shows,The Initiation
TV Shows,Diwali
TV Shows,Branch Closing
TV Shows,The Merger
TV Shows,Pilot
TV Shows,Eggtown
TV Shows,Ji Yeon
TV Shows,Meet Kevin Johnson
Sci Fi & Fantasy,"Crossroads, Pt. 1"
Sci Fi & Fantasy,"Crossroads, Pt. 2"
Sci Fi & Fantasy,"Battlestar Galactica, Pt. 1"
Sci Fi & Fantasy,"Battlestar Galactica, Pt. 2"
Sci Fi & Fantasy,"Battlestar Galactica, Pt. 3"
Sci Fi & Fantasy,"Lost Planet of the Gods, Pt. 1"
Sci Fi & Fantasy,"Lost Planet of the Gods, Pt. 2"
Sci Fi & Fantasy,The Lost Warrior
Sci Fi & Fantasy,The Long Patrol
Sci Fi & Fantasy,"The Gun On Ice Planet Zero, Pt. 1"
Sci Fi & Fantasy,"The Gun On Ice Planet Zero, Pt. 2"
Sci Fi & Fantasy,The Magnificent Warriors
Sci Fi & Fantasy,The Young Lords
Sci Fi & Fantasy,"The Living Legend, Pt. 1"
Sci Fi & Fantasy,"The Living Legend, Pt. 2"
Sci Fi & Fantasy,Fire In Space
Sci Fi & Fantasy,"War of the Gods, Pt. 1"
Sci Fi & Fantasy,"War of the Gods, Pt. 2"
Sci Fi & Fantasy,The Man With Nine Lives
Sci Fi & Fantasy,Murder On the Rising Star
Sci Fi & Fantasy,"Greetings from Earth, Pt. 1"
Sci Fi & Fantasy,"Greetings from Earth, Pt. 2"
Sci Fi & Fantasy,Baltar's Escape
Sci Fi & Fantasy,Experiment In Terra
Sci Fi & Fantasy,Take the Celestra
Sci Fi & Fantasy,The Hand of God
Drama,Don't Look Back
Drama,One Giant Leap
Drama,Collision
Drama,Hiros
Drama,Better Halves
Drama,Seven Minutes to Midnight
Drama,Homecoming
Drama,Fallout
Drama,The Fix
Drama,Distractions
Drama,Run!
Drama,Unexpected
Drama,Company Man
Drama,Company Man
Drama,Parasite
Drama,The Glass Ballerina
Drama,Every Man for Himself
Drama,Not In Portland
Drama,Not In Portland
Drama,Flashes Before Your Eyes
Drama,Lost Survival Guide
Drama,Stranger In a Strange Land
Drama,The Hunting Party
Drama,Tricia Tanaka Is Dead
Drama,Enter 77
Drama,Fire + Water
Drama,Par Avion
Drama,One of Them
Drama,The Man from Tallahassee
Drama,Exposé
Drama,Maternity Leave
Drama,Left Behind
Drama,The Whole Truth
Drama,Lockdown
Drama,One of Us
Drama,Catch-22
Drama,D.O.C.
Drama,Two for the Road
Drama,"Live Together, Die Alone, Pt. 1"
Drama,The Brig
Drama,.07%
Drama,Five Years Gone
Drama,The Hard Part
Drama,The Man Behind the Curtain
Drama,Greatest Hits
Drama,Landslide
Drama,How to Stop an Exploding Man
Drama,Through a Looking Glass
Drama,"Through the Looking Glass, Pt. 2"
Drama,"Through the Looking Glass, Pt. 1"
Drama,"Past, Present, and Future"
Drama,The Beginning of the End
Drama,LOST Season 4 Trailer
Drama,LOST In 8:15
Drama,Confirmed Dead
Drama,The Economist
Drama,The Constant
Drama,The Other Woman
Drama,The Shape of Things to Come
Drama,Something Nice Back Home
Drama,Cabin Fever
Drama,"There's No Place Like Home, Pt. 1"
Drama,"There's No Place Like Home, Pt. 2"
Drama,"There's No Place Like Home, Pt. 3"
Comedy,The Convict
Comedy,"A Benihana Christmas, Pts. 1 & 2"
Comedy,Back from Vacation
Comedy,Traveling Salesmen
Comedy,Producer's Cut: The Return
Comedy,Ben Franklin
Comedy,Phyllis's Wedding
Comedy,Business School
Comedy,Cocktails
Comedy,The Negotiation
Comedy,Safety Training
Comedy,Product Recall
Comedy,Women's Appreciation
Comedy,Beach Games
Comedy,The Job
Comedy,Branch Closing
Comedy,The Return
Alternative,War Pigs
Alternative,Say Hello 2 Heaven
Alternative,Reach Down
Alternative,Hunger Strike
Alternative,Pushin Forward Back
Alternative,Call Me a Dog
Alternative,Times of Trouble
Alternative,Wooden Jesus
Alternative,Your Savior
Alternative,Four Walled World
Alternative,All Night Thing
Alternative,No Such Thing
Alternative,Poison Eye
Alternative,Arms Around Your Love
Alternative,Safe and Sound
Alternative,She'll Never Be Your Man
Alternative,Ghosts
Alternative,Killing Birds
Alternative,Billie Jean
Alternative,Scar On the Sky
Alternative,Your Soul Today
Alternative,Finally Forever
Alternative,Silence the Voices
Alternative,Disappearing Act
Alternative,You Know My Name
Alternative,Revelations
Alternative,One and the Same
Alternative,Sound of a Gun
Alternative,Until We Fall
Alternative,Original Fire
Alternative,Broken City
Alternative,Somedays
Alternative,Shape of Things to Come
Alternative,Jewel of the Summertime
Alternative,Wide Awake
Alternative,Nothing Left to Say But Goodbye
Alternative,Moth
Alternative,Show Me How to Live (Live at the Quart Festival)
Alternative,"Band Members Discuss Tracks from ""Revelations"""
Alternative,Slowness
Classical,"Symphony No. 3 in E-flat major, Op. 55, ""Eroica"" - Scherzo: Allegro Vivace"
Classical,Intoitus: Adorate Deum
Classical,"Miserere mei, Deus"
Classical,Canon and Gigue in D Major: I. Canon
Classical,"Concerto No. 1 in E Major, RV 269 ""Spring"": I. Allegro"
Classical,"Concerto for 2 Violins in D Minor, BWV 1043: I. Vivace"
Classical,"Aria Mit 30 Veränderungen, BWV 988 ""Goldberg Variations"": Aria"
Classical,"Suite for Solo Cello No. 1 in G Major, BWV 1007: I. Prélude"
Classical,"The Messiah: Behold, I Tell You a Mystery... The Trumpet Shall Sound"
Classical,Solomon HWV 67: The Arrival of the Queen of Sheba
Classical,"""Eine Kleine Nachtmusik"" Serenade In G, K. 525: I. Allegro"
Classical,"Concerto for Clarinet in A Major, K. 622: II. Adagio"
Classical,"Symphony No. 104 in D Major ""London"": IV. Finale: Spiritoso"
Classical,Symphony No.5 in C Minor: I. Allegro con brio
Classical,Ave Maria
Classical,"Nabucco: Chorus, ""Va, Pensiero, Sull'ali Dorate"""
Classical,Die Walküre: The Ride of the Valkyries
Classical,"Requiem, Op.48: 4. Pie Jesu"
Classical,"The Nutcracker, Op. 71a, Act II: Scene 14: Pas de deux: Dance of the Prince & the Sugar-Plum Fairy"
Classical,"Nimrod (Adagio) from Variations On an Original Theme, Op. 36 ""Enigma"""
Classical,Madama Butterfly: Un Bel Dì Vedremo
Classical,"Jupiter, the Bringer of Jollity"
Classical,"Turandot, Act III, Nessun dorma!"
Classical,"Adagio for Strings from the String Quartet, Op. 11"
Classical,Carmina Burana: O Fortuna
Classical,Fanfare for the Common Man
Classical,"Toccata and Fugue in D Minor, BWV 565: I. Toccata"
Classical,"Symphony No.1 in D Major, Op.25 ""Classical"", Allegro Con Brio"
Classical,"Scheherazade, Op. 35: I. The Sea and Sindbad's Ship"
Classical,"Concerto No.2 in F Major, BWV1047, I. Allegro"
Classical,"Concerto for Piano No. 2 in F Minor, Op. 21: II. Larghetto"
Classical,Cavalleria Rusticana \ Act \ Intermezzo Sinfonico
Classical,"Karelia Suite, Op.11: 2. Ballade (Tempo Di Menuetto)"
Classical,"Piano Sonata No. 14 in C Sharp Minor, Op. 27, No. 2, ""Moonlight"": I. Adagio sostenuto"
Classical,Fantasia On Greensleeves
Classical,"Das Lied Von Der Erde, Von Der Jugend"
Classical,"Concerto for Cello and Orchestra in E minor, Op. 85: I. Adagio - Moderato"
Classical,Two Fanfares for Orchestra: II. Short Ride in a Fast Machine
Classical,"Wellington's Victory or the Battle Symphony, Op.91: 2. Symphony of Triumph"
Classical,Missa Papae Marcelli: Kyrie
Classical,Romeo et Juliette: No. 11 - Danse des Chevaliers
Classical,On the Beautiful Blue Danube
Classical,"Symphonie Fantastique, Op. 14: V. Songe d'une nuit du sabbat"
Classical,Carmen: Overture
Classical,"Lamentations of Jeremiah, First Set \ Incipit Lamentatio"
Classical,"Music for the Royal Fireworks, HWV351 (1749): La Réjouissance"
Classical,"Peer Gynt Suite No.1, Op.46: 1. Morning Mood"
Classical,"SCRIABIN: Prelude in B Major, Op. 11, No. 11"
Classical,"Pavan, Lachrimae Antiquae"
Classical,"Symphony No. 41 in C Major, K. 551, ""Jupiter"": IV. Molto allegro"
Classical,"Prometheus Overture, Op. 43"
Classical,Sonata for Solo Violin: IV: Presto
Classical,"A Midsummer Night's Dream, Op.61 Incidental Music: No.7 Notturno"
Classical,"Suite No. 3 in D, BWV 1068: III. Gavotte I & II"
Classical,"Concert pour 4 Parties de V**les, H. 545: I. Prelude"
Classical,Adios nonino
Classical,"Symphony No. 3 Op. 36 for Orchestra and Soprano ""Symfonia Piesni Zalosnych"" \ Lento E Largo - Tranquillissimo"
Classical,"Act IV, Symphony"
Classical,"3 Gymnopédies: No.1 - Lent Et Grave, No.3 - Lent Et Douloureux"
Classical,"Music for the Funeral of Queen Mary: VI. ""Thou Knowest, Lord, the Secrets of Our Hearts"""
Classical,Symphony No. 2: III. Allegro vivace
Classical,"Partita in E Major, BWV 1006A: I. Prelude"
Classical,Le Sacre Du Printemps: I.iv. Spring Rounds
Classical,Sing Joyfully
Classical,"Metopes, Op. 29: Calypso"
Classical,"Symphony No. 2, Op. 16 -  ""The Four Temperaments"": II. Allegro Comodo e Flemmatico"
Classical,"24 Caprices, Op. 1, No. 24, for Solo Violin, in A Minor"
Classical,"Étude 1, In C Major - Preludio (Presto) - Liszt"
Classical,"Erlkonig, D.328"
Classical,"Concerto for Violin, Strings and Continuo in G Major, Op. 3, No. 9: I. Allegro"
Classical,Pini Di Roma (Pinien Von Rom) \ I Pini Della Via Appia
Classical,"String Quartet No. 12 in C Minor, D. 703 ""Quartettsatz"": II. Andante - Allegro assai"
Classical,"L'orfeo, Act 3, Sinfonia (Orchestra)"
Classical,"Quintet for Horn, Violin, 2 Violas, and Cello in E Flat Major, K. 407/386c: III. Allegro"
Opera,"Die Zauberflöte, K.620: ""Der Hölle Rache Kocht in Meinem Herze"""
